image_name,vendor,root,slice,is_IRF,is_SRF,is_PED
TRAIN062,Topcon,..\RETOUCHdata\Topcon\TRAIN062,7,1,0,0
TRAIN064,Topcon,..\RETOUCHdata\Topcon\TRAIN064,28,0,0,0
TRAIN014,Cirrus,..\RETOUCHdata\Cirrus\TRAIN014,29,0,0,0
TRAIN016,Cirrus,..\RETOUCHdata\Cirrus\TRAIN016,10,0,0,0
TRAIN063,Topcon,..\RETOUCHdata\Topcon\TRAIN063,87,0,1,0
TRAIN016,Cirrus,..\RETOUCHdata\Cirrus\TRAIN016,102,1,0,0
TRAIN002,Cirrus,..\RETOUCHdata\Cirrus\TRAIN002,90,1,0,0
TRAIN064,Topcon,..\RETOUCHdata\Topcon\TRAIN064,83,0,0,0
TRAIN027,Spectralis,..\RETOUCHdata\Spectralis\TRAIN027,9,0,0,0
TRAIN062,Topcon,..\RETOUCHdata\Topcon\TRAIN062,2,1,0,0
TRAIN016,Cirrus,..\RETOUCHdata\Cirrus\TRAIN016,64,1,0,0
TRAIN067,Topcon,..\RETOUCHdata\Topcon\TRAIN067,47,1,0,0
TRAIN063,Topcon,..\RETOUCHdata\Topcon\TRAIN063,112,0,1,0
TRAIN016,Cirrus,..\RETOUCHdata\Cirrus\TRAIN016,55,1,0,0
TRAIN064,Topcon,..\RETOUCHdata\Topcon\TRAIN064,31,0,0,0
TRAIN064,Topcon,..\RETOUCHdata\Topcon\TRAIN064,36,0,0,0
TRAIN002,Cirrus,..\RETOUCHdata\Cirrus\TRAIN002,40,0,0,0
TRAIN064,Topcon,..\RETOUCHdata\Topcon\TRAIN064,25,0,0,0
TRAIN064,Topcon,..\RETOUCHdata\Topcon\TRAIN064,43,0,0,0
TRAIN001,Cirrus,..\RETOUCHdata\Cirrus\TRAIN001,67,1,0,0
TRAIN063,Topcon,..\RETOUCHdata\Topcon\TRAIN063,91,0,1,0
TRAIN014,Cirrus,..\RETOUCHdata\Cirrus\TRAIN014,69,0,1,1
TRAIN027,Spectralis,..\RETOUCHdata\Spectralis\TRAIN027,30,1,0,0
TRAIN064,Topcon,..\RETOUCHdata\Topcon\TRAIN064,17,0,0,0
TRAIN002,Cirrus,..\RETOUCHdata\Cirrus\TRAIN002,64,1,1,0
TRAIN001,Cirrus,..\RETOUCHdata\Cirrus\TRAIN001,123,0,0,0
TRAIN014,Cirrus,..\RETOUCHdata\Cirrus\TRAIN014,31,0,0,0
TRAIN012,Cirrus,..\RETOUCHdata\Cirrus\TRAIN012,21,0,0,0
TRAIN014,Cirrus,..\RETOUCHdata\Cirrus\TRAIN014,49,0,1,1
TRAIN067,Topcon,..\RETOUCHdata\Topcon\TRAIN067,112,0,0,0
TRAIN002,Cirrus,..\RETOUCHdata\Cirrus\TRAIN002,56,1,0,0
TRAIN016,Cirrus,..\RETOUCHdata\Cirrus\TRAIN016,42,1,0,0
TRAIN064,Topcon,..\RETOUCHdata\Topcon\TRAIN064,96,0,0,0
TRAIN001,Cirrus,..\RETOUCHdata\Cirrus\TRAIN001,76,1,0,0
TRAIN062,Topcon,..\RETOUCHdata\Topcon\TRAIN062,21,1,0,0
TRAIN027,Spectralis,..\RETOUCHdata\Spectralis\TRAIN027,34,1,0,0
TRAIN068,Topcon,..\RETOUCHdata\Topcon\TRAIN068,65,1,1,0
TRAIN012,Cirrus,..\RETOUCHdata\Cirrus\TRAIN012,118,0,0,0
TRAIN063,Topcon,..\RETOUCHdata\Topcon\TRAIN063,83,0,1,0
TRAIN012,Cirrus,..\RETOUCHdata\Cirrus\TRAIN012,3,0,0,0
TRAIN001,Cirrus,..\RETOUCHdata\Cirrus\TRAIN001,51,1,0,0
TRAIN002,Cirrus,..\RETOUCHdata\Cirrus\TRAIN002,116,0,0,0
TRAIN064,Topcon,..\RETOUCHdata\Topcon\TRAIN064,24,0,0,0
TRAIN016,Cirrus,..\RETOUCHdata\Cirrus\TRAIN016,69,1,0,0
TRAIN027,Spectralis,..\RETOUCHdata\Spectralis\TRAIN027,39,0,0,0
TRAIN064,Topcon,..\RETOUCHdata\Topcon\TRAIN064,55,1,0,0
TRAIN067,Topcon,..\RETOUCHdata\Topcon\TRAIN067,15,0,0,0
TRAIN001,Cirrus,..\RETOUCHdata\Cirrus\TRAIN001,49,1,0,0
TRAIN016,Cirrus,..\RETOUCHdata\Cirrus\TRAIN016,79,1,0,0
TRAIN067,Topcon,..\RETOUCHdata\Topcon\TRAIN067,64,1,0,0
TRAIN067,Topcon,..\RETOUCHdata\Topcon\TRAIN067,44,1,0,0
TRAIN064,Topcon,..\RETOUCHdata\Topcon\TRAIN064,61,1,0,0
TRAIN014,Cirrus,..\RETOUCHdata\Cirrus\TRAIN014,106,0,0,0
TRAIN063,Topcon,..\RETOUCHdata\Topcon\TRAIN063,75,0,1,0
TRAIN042,Spectralis,..\RETOUCHdata\Spectralis\TRAIN042,24,0,1,1
TRAIN002,Cirrus,..\RETOUCHdata\Cirrus\TRAIN002,13,0,0,0
TRAIN048,Spectralis,..\RETOUCHdata\Spectralis\TRAIN048,10,0,0,0
TRAIN062,Topcon,..\RETOUCHdata\Topcon\TRAIN062,40,0,0,0
TRAIN039,Spectralis,..\RETOUCHdata\Spectralis\TRAIN039,34,0,0,0
TRAIN016,Cirrus,..\RETOUCHdata\Cirrus\TRAIN016,20,0,0,0
TRAIN001,Cirrus,..\RETOUCHdata\Cirrus\TRAIN001,29,1,0,0
TRAIN067,Topcon,..\RETOUCHdata\Topcon\TRAIN067,94,0,0,0
TRAIN001,Cirrus,..\RETOUCHdata\Cirrus\TRAIN001,65,1,1,0
TRAIN039,Spectralis,..\RETOUCHdata\Spectralis\TRAIN039,27,1,0,0
TRAIN068,Topcon,..\RETOUCHdata\Topcon\TRAIN068,14,0,0,0
TRAIN002,Cirrus,..\RETOUCHdata\Cirrus\TRAIN002,47,0,0,0
TRAIN014,Cirrus,..\RETOUCHdata\Cirrus\TRAIN014,10,0,0,0
TRAIN016,Cirrus,..\RETOUCHdata\Cirrus\TRAIN016,107,1,0,0
TRAIN064,Topcon,..\RETOUCHdata\Topcon\TRAIN064,54,1,0,0
TRAIN001,Cirrus,..\RETOUCHdata\Cirrus\TRAIN001,115,0,0,0
TRAIN062,Topcon,..\RETOUCHdata\Topcon\TRAIN062,9,1,0,0
TRAIN067,Topcon,..\RETOUCHdata\Topcon\TRAIN067,16,0,0,0
TRAIN014,Cirrus,..\RETOUCHdata\Cirrus\TRAIN014,43,0,1,1
TRAIN033,Spectralis,..\RETOUCHdata\Spectralis\TRAIN033,47,0,0,0
TRAIN062,Topcon,..\RETOUCHdata\Topcon\TRAIN062,13,1,0,0
TRAIN027,Spectralis,..\RETOUCHdata\Spectralis\TRAIN027,42,0,0,0
TRAIN063,Topcon,..\RETOUCHdata\Topcon\TRAIN063,41,0,0,0
TRAIN033,Spectralis,..\RETOUCHdata\Spectralis\TRAIN033,29,1,1,0
TRAIN001,Cirrus,..\RETOUCHdata\Cirrus\TRAIN001,44,1,0,0
TRAIN001,Cirrus,..\RETOUCHdata\Cirrus\TRAIN001,59,1,1,0
TRAIN012,Cirrus,..\RETOUCHdata\Cirrus\TRAIN012,107,0,1,0
TRAIN014,Cirrus,..\RETOUCHdata\Cirrus\TRAIN014,14,0,0,0
TRAIN014,Cirrus,..\RETOUCHdata\Cirrus\TRAIN014,38,0,1,0
TRAIN014,Cirrus,..\RETOUCHdata\Cirrus\TRAIN014,110,0,0,0
TRAIN014,Cirrus,..\RETOUCHdata\Cirrus\TRAIN014,32,0,1,0
TRAIN016,Cirrus,..\RETOUCHdata\Cirrus\TRAIN016,72,1,0,0
TRAIN012,Cirrus,..\RETOUCHdata\Cirrus\TRAIN012,14,0,0,0
TRAIN012,Cirrus,..\RETOUCHdata\Cirrus\TRAIN012,95,0,1,1
TRAIN064,Topcon,..\RETOUCHdata\Topcon\TRAIN064,1,0,0,0
TRAIN068,Topcon,..\RETOUCHdata\Topcon\TRAIN068,11,0,0,0
TRAIN048,Spectralis,..\RETOUCHdata\Spectralis\TRAIN048,0,0,0,0
TRAIN027,Spectralis,..\RETOUCHdata\Spectralis\TRAIN027,3,0,0,0
TRAIN012,Cirrus,..\RETOUCHdata\Cirrus\TRAIN012,18,0,0,0
TRAIN012,Cirrus,..\RETOUCHdata\Cirrus\TRAIN012,66,0,1,1
TRAIN001,Cirrus,..\RETOUCHdata\Cirrus\TRAIN001,78,1,0,0
TRAIN062,Topcon,..\RETOUCHdata\Topcon\TRAIN062,37,0,0,0
TRAIN012,Cirrus,..\RETOUCHdata\Cirrus\TRAIN012,19,0,0,0
TRAIN067,Topcon,..\RETOUCHdata\Topcon\TRAIN067,60,1,0,0
TRAIN002,Cirrus,..\RETOUCHdata\Cirrus\TRAIN002,92,1,0,0
TRAIN012,Cirrus,..\RETOUCHdata\Cirrus\TRAIN012,60,0,1,1
TRAIN063,Topcon,..\RETOUCHdata\Topcon\TRAIN063,57,0,1,1
TRAIN067,Topcon,..\RETOUCHdata\Topcon\TRAIN067,35,0,0,0
TRAIN001,Cirrus,..\RETOUCHdata\Cirrus\TRAIN001,70,1,0,0
TRAIN001,Cirrus,..\RETOUCHdata\Cirrus\TRAIN001,15,1,0,0
TRAIN064,Topcon,..\RETOUCHdata\Topcon\TRAIN064,87,0,0,0
TRAIN067,Topcon,..\RETOUCHdata\Topcon\TRAIN067,115,0,0,0
TRAIN039,Spectralis,..\RETOUCHdata\Spectralis\TRAIN039,16,1,0,0
TRAIN033,Spectralis,..\RETOUCHdata\Spectralis\TRAIN033,31,1,1,0
TRAIN063,Topcon,..\RETOUCHdata\Topcon\TRAIN063,98,0,1,0
TRAIN016,Cirrus,..\RETOUCHdata\Cirrus\TRAIN016,116,1,0,0
TRAIN016,Cirrus,..\RETOUCHdata\Cirrus\TRAIN016,124,1,0,0
TRAIN014,Cirrus,..\RETOUCHdata\Cirrus\TRAIN014,80,0,1,1
TRAIN048,Spectralis,..\RETOUCHdata\Spectralis\TRAIN048,19,1,0,0
TRAIN068,Topcon,..\RETOUCHdata\Topcon\TRAIN068,64,1,0,0
TRAIN012,Cirrus,..\RETOUCHdata\Cirrus\TRAIN012,126,0,0,0
TRAIN068,Topcon,..\RETOUCHdata\Topcon\TRAIN068,95,0,0,0
TRAIN042,Spectralis,..\RETOUCHdata\Spectralis\TRAIN042,1,0,0,0
TRAIN068,Topcon,..\RETOUCHdata\Topcon\TRAIN068,7,0,0,0
TRAIN067,Topcon,..\RETOUCHdata\Topcon\TRAIN067,11,0,0,0
TRAIN012,Cirrus,..\RETOUCHdata\Cirrus\TRAIN012,76,0,1,1
TRAIN016,Cirrus,..\RETOUCHdata\Cirrus\TRAIN016,31,1,0,0
TRAIN002,Cirrus,..\RETOUCHdata\Cirrus\TRAIN002,75,1,1,0
TRAIN064,Topcon,..\RETOUCHdata\Topcon\TRAIN064,57,1,0,0
TRAIN068,Topcon,..\RETOUCHdata\Topcon\TRAIN068,81,1,0,0
TRAIN014,Cirrus,..\RETOUCHdata\Cirrus\TRAIN014,45,0,1,1
TRAIN067,Topcon,..\RETOUCHdata\Topcon\TRAIN067,67,1,0,0
TRAIN039,Spectralis,..\RETOUCHdata\Spectralis\TRAIN039,8,1,0,0
TRAIN016,Cirrus,..\RETOUCHdata\Cirrus\TRAIN016,77,1,0,0
TRAIN048,Spectralis,..\RETOUCHdata\Spectralis\TRAIN048,2,0,0,0
TRAIN067,Topcon,..\RETOUCHdata\Topcon\TRAIN067,88,0,0,0
TRAIN016,Cirrus,..\RETOUCHdata\Cirrus\TRAIN016,78,1,0,0
TRAIN016,Cirrus,..\RETOUCHdata\Cirrus\TRAIN016,73,1,0,0
TRAIN064,Topcon,..\RETOUCHdata\Topcon\TRAIN064,124,0,0,0
TRAIN002,Cirrus,..\RETOUCHdata\Cirrus\TRAIN002,70,1,1,0
TRAIN062,Topcon,..\RETOUCHdata\Topcon\TRAIN062,31,0,0,0
TRAIN063,Topcon,..\RETOUCHdata\Topcon\TRAIN063,45,0,0,0
TRAIN067,Topcon,..\RETOUCHdata\Topcon\TRAIN067,23,0,0,0
TRAIN001,Cirrus,..\RETOUCHdata\Cirrus\TRAIN001,43,1,0,0
TRAIN063,Topcon,..\RETOUCHdata\Topcon\TRAIN063,84,0,1,0
TRAIN033,Spectralis,..\RETOUCHdata\Spectralis\TRAIN033,2,0,1,0
TRAIN002,Cirrus,..\RETOUCHdata\Cirrus\TRAIN002,103,1,0,0
TRAIN016,Cirrus,..\RETOUCHdata\Cirrus\TRAIN016,14,0,0,0
TRAIN001,Cirrus,..\RETOUCHdata\Cirrus\TRAIN001,101,1,0,0
TRAIN064,Topcon,..\RETOUCHdata\Topcon\TRAIN064,15,0,0,0
TRAIN014,Cirrus,..\RETOUCHdata\Cirrus\TRAIN014,27,0,0,0
TRAIN068,Topcon,..\RETOUCHdata\Topcon\TRAIN068,59,1,0,0
TRAIN062,Topcon,..\RETOUCHdata\Topcon\TRAIN062,22,1,0,0
TRAIN039,Spectralis,..\RETOUCHdata\Spectralis\TRAIN039,44,0,0,0
TRAIN063,Topcon,..\RETOUCHdata\Topcon\TRAIN063,3,0,0,0
TRAIN016,Cirrus,..\RETOUCHdata\Cirrus\TRAIN016,108,1,0,0
TRAIN027,Spectralis,..\RETOUCHdata\Spectralis\TRAIN027,29,1,1,0
TRAIN002,Cirrus,..\RETOUCHdata\Cirrus\TRAIN002,0,0,0,0
TRAIN016,Cirrus,..\RETOUCHdata\Cirrus\TRAIN016,17,0,0,0
TRAIN062,Topcon,..\RETOUCHdata\Topcon\TRAIN062,25,1,0,0
TRAIN063,Topcon,..\RETOUCHdata\Topcon\TRAIN063,49,0,0,1
TRAIN068,Topcon,..\RETOUCHdata\Topcon\TRAIN068,117,0,0,0
TRAIN064,Topcon,..\RETOUCHdata\Topcon\TRAIN064,86,0,0,0
TRAIN002,Cirrus,..\RETOUCHdata\Cirrus\TRAIN002,119,0,0,0
TRAIN016,Cirrus,..\RETOUCHdata\Cirrus\TRAIN016,16,0,0,0
TRAIN033,Spectralis,..\RETOUCHdata\Spectralis\TRAIN033,44,0,0,0
TRAIN001,Cirrus,..\RETOUCHdata\Cirrus\TRAIN001,32,1,0,0
TRAIN016,Cirrus,..\RETOUCHdata\Cirrus\TRAIN016,122,1,0,0
TRAIN063,Topcon,..\RETOUCHdata\Topcon\TRAIN063,78,0,1,0
TRAIN063,Topcon,..\RETOUCHdata\Topcon\TRAIN063,104,0,1,0
TRAIN016,Cirrus,..\RETOUCHdata\Cirrus\TRAIN016,63,1,0,0
TRAIN048,Spectralis,..\RETOUCHdata\Spectralis\TRAIN048,7,0,0,0
TRAIN012,Cirrus,..\RETOUCHdata\Cirrus\TRAIN012,41,0,1,1
TRAIN012,Cirrus,..\RETOUCHdata\Cirrus\TRAIN012,5,0,0,0
TRAIN063,Topcon,..\RETOUCHdata\Topcon\TRAIN063,97,0,1,0
TRAIN062,Topcon,..\RETOUCHdata\Topcon\TRAIN062,54,0,0,0
TRAIN012,Cirrus,..\RETOUCHdata\Cirrus\TRAIN012,53,0,1,1
TRAIN002,Cirrus,..\RETOUCHdata\Cirrus\TRAIN002,35,0,0,0
TRAIN063,Topcon,..\RETOUCHdata\Topcon\TRAIN063,60,0,1,1
TRAIN016,Cirrus,..\RETOUCHdata\Cirrus\TRAIN016,87,1,0,0
TRAIN064,Topcon,..\RETOUCHdata\Topcon\TRAIN064,98,0,0,0
TRAIN012,Cirrus,..\RETOUCHdata\Cirrus\TRAIN012,115,0,0,0
TRAIN002,Cirrus,..\RETOUCHdata\Cirrus\TRAIN002,111,1,0,0
TRAIN048,Spectralis,..\RETOUCHdata\Spectralis\TRAIN048,45,1,0,0
TRAIN068,Topcon,..\RETOUCHdata\Topcon\TRAIN068,0,0,0,0
TRAIN068,Topcon,..\RETOUCHdata\Topcon\TRAIN068,25,0,0,0
TRAIN064,Topcon,..\RETOUCHdata\Topcon\TRAIN064,79,0,0,0
TRAIN042,Spectralis,..\RETOUCHdata\Spectralis\TRAIN042,25,0,1,1
TRAIN067,Topcon,..\RETOUCHdata\Topcon\TRAIN067,126,0,0,0
TRAIN014,Cirrus,..\RETOUCHdata\Cirrus\TRAIN014,41,0,1,1
TRAIN063,Topcon,..\RETOUCHdata\Topcon\TRAIN063,105,0,1,0
TRAIN001,Cirrus,..\RETOUCHdata\Cirrus\TRAIN001,63,1,1,0
TRAIN042,Spectralis,..\RETOUCHdata\Spectralis\TRAIN042,30,0,1,1
TRAIN068,Topcon,..\RETOUCHdata\Topcon\TRAIN068,61,1,0,0
TRAIN067,Topcon,..\RETOUCHdata\Topcon\TRAIN067,101,0,0,0
TRAIN062,Topcon,..\RETOUCHdata\Topcon\TRAIN062,30,0,0,0
TRAIN014,Cirrus,..\RETOUCHdata\Cirrus\TRAIN014,48,0,1,1
TRAIN033,Spectralis,..\RETOUCHdata\Spectralis\TRAIN033,4,0,1,0
TRAIN063,Topcon,..\RETOUCHdata\Topcon\TRAIN063,17,0,0,0
TRAIN064,Topcon,..\RETOUCHdata\Topcon\TRAIN064,93,0,0,0
TRAIN063,Topcon,..\RETOUCHdata\Topcon\TRAIN063,93,0,1,0
TRAIN016,Cirrus,..\RETOUCHdata\Cirrus\TRAIN016,95,1,0,0
TRAIN064,Topcon,..\RETOUCHdata\Topcon\TRAIN064,12,0,0,0
TRAIN001,Cirrus,..\RETOUCHdata\Cirrus\TRAIN001,30,1,0,0
TRAIN001,Cirrus,..\RETOUCHdata\Cirrus\TRAIN001,56,1,0,0
TRAIN064,Topcon,..\RETOUCHdata\Topcon\TRAIN064,101,0,0,0
TRAIN014,Cirrus,..\RETOUCHdata\Cirrus\TRAIN014,67,0,1,1
TRAIN016,Cirrus,..\RETOUCHdata\Cirrus\TRAIN016,46,1,0,0
TRAIN012,Cirrus,..\RETOUCHdata\Cirrus\TRAIN012,109,0,0,0
TRAIN014,Cirrus,..\RETOUCHdata\Cirrus\TRAIN014,39,0,1,0
TRAIN063,Topcon,..\RETOUCHdata\Topcon\TRAIN063,9,0,0,1
TRAIN042,Spectralis,..\RETOUCHdata\Spectralis\TRAIN042,19,0,1,1
TRAIN064,Topcon,..\RETOUCHdata\Topcon\TRAIN064,56,1,0,0
TRAIN063,Topcon,..\RETOUCHdata\Topcon\TRAIN063,30,0,0,0
TRAIN012,Cirrus,..\RETOUCHdata\Cirrus\TRAIN012,98,0,1,0
TRAIN068,Topcon,..\RETOUCHdata\Topcon\TRAIN068,23,0,0,0
TRAIN012,Cirrus,..\RETOUCHdata\Cirrus\TRAIN012,50,0,1,1
TRAIN042,Spectralis,..\RETOUCHdata\Spectralis\TRAIN042,9,0,0,0
TRAIN001,Cirrus,..\RETOUCHdata\Cirrus\TRAIN001,99,1,0,0
TRAIN039,Spectralis,..\RETOUCHdata\Spectralis\TRAIN039,17,1,0,0
TRAIN012,Cirrus,..\RETOUCHdata\Cirrus\TRAIN012,15,0,0,0
TRAIN002,Cirrus,..\RETOUCHdata\Cirrus\TRAIN002,112,0,0,0
TRAIN016,Cirrus,..\RETOUCHdata\Cirrus\TRAIN016,85,1,0,0
TRAIN062,Topcon,..\RETOUCHdata\Topcon\TRAIN062,61,0,0,0
TRAIN012,Cirrus,..\RETOUCHdata\Cirrus\TRAIN012,102,0,1,0
TRAIN063,Topcon,..\RETOUCHdata\Topcon\TRAIN063,35,0,0,0
TRAIN039,Spectralis,..\RETOUCHdata\Spectralis\TRAIN039,39,0,0,0
TRAIN033,Spectralis,..\RETOUCHdata\Spectralis\TRAIN033,18,1,1,1
TRAIN016,Cirrus,..\RETOUCHdata\Cirrus\TRAIN016,86,1,0,0
TRAIN048,Spectralis,..\RETOUCHdata\Spectralis\TRAIN048,38,1,0,0
TRAIN062,Topcon,..\RETOUCHdata\Topcon\TRAIN062,45,0,0,0
TRAIN012,Cirrus,..\RETOUCHdata\Cirrus\TRAIN012,83,0,1,1
TRAIN067,Topcon,..\RETOUCHdata\Topcon\TRAIN067,74,1,0,0
TRAIN068,Topcon,..\RETOUCHdata\Topcon\TRAIN068,99,0,0,0
TRAIN063,Topcon,..\RETOUCHdata\Topcon\TRAIN063,92,0,1,0
TRAIN033,Spectralis,..\RETOUCHdata\Spectralis\TRAIN033,22,1,1,1
TRAIN063,Topcon,..\RETOUCHdata\Topcon\TRAIN063,100,0,1,0
TRAIN012,Cirrus,..\RETOUCHdata\Cirrus\TRAIN012,54,0,1,1
TRAIN016,Cirrus,..\RETOUCHdata\Cirrus\TRAIN016,59,1,0,0
TRAIN062,Topcon,..\RETOUCHdata\Topcon\TRAIN062,32,0,0,0
TRAIN016,Cirrus,..\RETOUCHdata\Cirrus\TRAIN016,90,1,0,0
TRAIN012,Cirrus,..\RETOUCHdata\Cirrus\TRAIN012,33,0,1,0
TRAIN014,Cirrus,..\RETOUCHdata\Cirrus\TRAIN014,44,0,1,1
TRAIN064,Topcon,..\RETOUCHdata\Topcon\TRAIN064,8,0,0,0
TRAIN002,Cirrus,..\RETOUCHdata\Cirrus\TRAIN002,80,1,0,0
TRAIN027,Spectralis,..\RETOUCHdata\Spectralis\TRAIN027,40,0,0,0
TRAIN012,Cirrus,..\RETOUCHdata\Cirrus\TRAIN012,97,0,1,1
TRAIN012,Cirrus,..\RETOUCHdata\Cirrus\TRAIN012,68,0,1,1
TRAIN002,Cirrus,..\RETOUCHdata\Cirrus\TRAIN002,109,1,0,0
TRAIN001,Cirrus,..\RETOUCHdata\Cirrus\TRAIN001,58,1,1,0
TRAIN064,Topcon,..\RETOUCHdata\Topcon\TRAIN064,82,0,0,0
TRAIN016,Cirrus,..\RETOUCHdata\Cirrus\TRAIN016,23,0,0,0
TRAIN012,Cirrus,..\RETOUCHdata\Cirrus\TRAIN012,111,0,0,0
TRAIN033,Spectralis,..\RETOUCHdata\Spectralis\TRAIN033,6,0,1,0
TRAIN001,Cirrus,..\RETOUCHdata\Cirrus\TRAIN001,23,1,0,0
TRAIN001,Cirrus,..\RETOUCHdata\Cirrus\TRAIN001,107,0,0,0
TRAIN068,Topcon,..\RETOUCHdata\Topcon\TRAIN068,97,0,0,0
TRAIN063,Topcon,..\RETOUCHdata\Topcon\TRAIN063,69,0,1,1
TRAIN012,Cirrus,..\RETOUCHdata\Cirrus\TRAIN012,105,0,1,0
TRAIN063,Topcon,..\RETOUCHdata\Topcon\TRAIN063,52,0,0,0
TRAIN016,Cirrus,..\RETOUCHdata\Cirrus\TRAIN016,26,0,0,0
TRAIN068,Topcon,..\RETOUCHdata\Topcon\TRAIN068,88,1,0,0
TRAIN064,Topcon,..\RETOUCHdata\Topcon\TRAIN064,100,0,0,0
TRAIN067,Topcon,..\RETOUCHdata\Topcon\TRAIN067,86,1,0,0
TRAIN039,Spectralis,..\RETOUCHdata\Spectralis\TRAIN039,43,0,0,0
TRAIN068,Topcon,..\RETOUCHdata\Topcon\TRAIN068,114,0,0,0
TRAIN039,Spectralis,..\RETOUCHdata\Spectralis\TRAIN039,36,0,0,0
TRAIN027,Spectralis,..\RETOUCHdata\Spectralis\TRAIN027,32,1,0,0
TRAIN002,Cirrus,..\RETOUCHdata\Cirrus\TRAIN002,105,0,0,0
TRAIN014,Cirrus,..\RETOUCHdata\Cirrus\TRAIN014,42,0,1,1
TRAIN002,Cirrus,..\RETOUCHdata\Cirrus\TRAIN002,68,1,1,0
TRAIN067,Topcon,..\RETOUCHdata\Topcon\TRAIN067,21,0,0,0
TRAIN001,Cirrus,..\RETOUCHdata\Cirrus\TRAIN001,81,1,0,0
TRAIN068,Topcon,..\RETOUCHdata\Topcon\TRAIN068,35,0,0,0
TRAIN064,Topcon,..\RETOUCHdata\Topcon\TRAIN064,48,0,0,0
TRAIN001,Cirrus,..\RETOUCHdata\Cirrus\TRAIN001,111,0,0,0
TRAIN067,Topcon,..\RETOUCHdata\Topcon\TRAIN067,38,1,0,0
TRAIN039,Spectralis,..\RETOUCHdata\Spectralis\TRAIN039,6,1,0,0
TRAIN062,Topcon,..\RETOUCHdata\Topcon\TRAIN062,52,0,0,0
TRAIN012,Cirrus,..\RETOUCHdata\Cirrus\TRAIN012,88,0,1,1
TRAIN067,Topcon,..\RETOUCHdata\Topcon\TRAIN067,27,0,0,0
TRAIN048,Spectralis,..\RETOUCHdata\Spectralis\TRAIN048,29,1,0,0
TRAIN064,Topcon,..\RETOUCHdata\Topcon\TRAIN064,11,0,0,0
TRAIN012,Cirrus,..\RETOUCHdata\Cirrus\TRAIN012,94,0,1,1
TRAIN016,Cirrus,..\RETOUCHdata\Cirrus\TRAIN016,76,1,0,0
TRAIN068,Topcon,..\RETOUCHdata\Topcon\TRAIN068,94,0,0,0
TRAIN062,Topcon,..\RETOUCHdata\Topcon\TRAIN062,63,0,0,0
TRAIN068,Topcon,..\RETOUCHdata\Topcon\TRAIN068,116,0,0,0
TRAIN063,Topcon,..\RETOUCHdata\Topcon\TRAIN063,40,0,0,0
TRAIN027,Spectralis,..\RETOUCHdata\Spectralis\TRAIN027,37,1,0,0
TRAIN014,Cirrus,..\RETOUCHdata\Cirrus\TRAIN014,94,0,1,0
TRAIN067,Topcon,..\RETOUCHdata\Topcon\TRAIN067,66,1,0,0
TRAIN068,Topcon,..\RETOUCHdata\Topcon\TRAIN068,77,1,0,0
TRAIN014,Cirrus,..\RETOUCHdata\Cirrus\TRAIN014,95,0,1,0
TRAIN068,Topcon,..\RETOUCHdata\Topcon\TRAIN068,28,0,0,0
TRAIN042,Spectralis,..\RETOUCHdata\Spectralis\TRAIN042,15,0,1,1
TRAIN027,Spectralis,..\RETOUCHdata\Spectralis\TRAIN027,11,1,0,0
TRAIN033,Spectralis,..\RETOUCHdata\Spectralis\TRAIN033,33,1,1,0
TRAIN002,Cirrus,..\RETOUCHdata\Cirrus\TRAIN002,126,0,0,0
TRAIN063,Topcon,..\RETOUCHdata\Topcon\TRAIN063,117,0,1,1
TRAIN016,Cirrus,..\RETOUCHdata\Cirrus\TRAIN016,126,1,0,0
TRAIN042,Spectralis,..\RETOUCHdata\Spectralis\TRAIN042,12,0,1,0
TRAIN012,Cirrus,..\RETOUCHdata\Cirrus\TRAIN012,124,0,0,0
TRAIN012,Cirrus,..\RETOUCHdata\Cirrus\TRAIN012,47,0,1,1
TRAIN001,Cirrus,..\RETOUCHdata\Cirrus\TRAIN001,86,1,0,0
TRAIN068,Topcon,..\RETOUCHdata\Topcon\TRAIN068,52,1,0,0
TRAIN012,Cirrus,..\RETOUCHdata\Cirrus\TRAIN012,9,0,0,0
TRAIN042,Spectralis,..\RETOUCHdata\Spectralis\TRAIN042,6,0,0,0
TRAIN068,Topcon,..\RETOUCHdata\Topcon\TRAIN068,112,0,0,0
TRAIN042,Spectralis,..\RETOUCHdata\Spectralis\TRAIN042,21,1,1,1
TRAIN064,Topcon,..\RETOUCHdata\Topcon\TRAIN064,22,0,0,0
TRAIN016,Cirrus,..\RETOUCHdata\Cirrus\TRAIN016,93,1,0,0
TRAIN033,Spectralis,..\RETOUCHdata\Spectralis\TRAIN033,12,0,1,0
TRAIN002,Cirrus,..\RETOUCHdata\Cirrus\TRAIN002,93,1,0,0
TRAIN001,Cirrus,..\RETOUCHdata\Cirrus\TRAIN001,113,0,0,0
TRAIN016,Cirrus,..\RETOUCHdata\Cirrus\TRAIN016,36,1,0,0
TRAIN063,Topcon,..\RETOUCHdata\Topcon\TRAIN063,124,0,1,1
TRAIN002,Cirrus,..\RETOUCHdata\Cirrus\TRAIN002,46,0,0,0
TRAIN016,Cirrus,..\RETOUCHdata\Cirrus\TRAIN016,2,0,0,0
TRAIN068,Topcon,..\RETOUCHdata\Topcon\TRAIN068,17,0,0,0
TRAIN064,Topcon,..\RETOUCHdata\Topcon\TRAIN064,68,1,0,0
TRAIN063,Topcon,..\RETOUCHdata\Topcon\TRAIN063,16,0,0,0
TRAIN062,Topcon,..\RETOUCHdata\Topcon\TRAIN062,51,0,0,0
TRAIN012,Cirrus,..\RETOUCHdata\Cirrus\TRAIN012,29,0,1,0
TRAIN067,Topcon,..\RETOUCHdata\Topcon\TRAIN067,105,0,0,0
TRAIN012,Cirrus,..\RETOUCHdata\Cirrus\TRAIN012,86,0,1,1
TRAIN064,Topcon,..\RETOUCHdata\Topcon\TRAIN064,88,0,0,0
TRAIN001,Cirrus,..\RETOUCHdata\Cirrus\TRAIN001,31,1,0,0
TRAIN048,Spectralis,..\RETOUCHdata\Spectralis\TRAIN048,37,1,0,0
TRAIN002,Cirrus,..\RETOUCHdata\Cirrus\TRAIN002,82,1,0,0
TRAIN062,Topcon,..\RETOUCHdata\Topcon\TRAIN062,39,0,0,0
TRAIN014,Cirrus,..\RETOUCHdata\Cirrus\TRAIN014,21,0,0,0
TRAIN039,Spectralis,..\RETOUCHdata\Spectralis\TRAIN039,32,0,0,0
TRAIN012,Cirrus,..\RETOUCHdata\Cirrus\TRAIN012,125,0,0,0
TRAIN062,Topcon,..\RETOUCHdata\Topcon\TRAIN062,4,1,0,0
TRAIN064,Topcon,..\RETOUCHdata\Topcon\TRAIN064,123,0,0,0
TRAIN002,Cirrus,..\RETOUCHdata\Cirrus\TRAIN002,60,1,0,0
TRAIN062,Topcon,..\RETOUCHdata\Topcon\TRAIN062,8,1,0,0
TRAIN067,Topcon,..\RETOUCHdata\Topcon\TRAIN067,122,0,0,0
TRAIN014,Cirrus,..\RETOUCHdata\Cirrus\TRAIN014,36,0,1,0
TRAIN016,Cirrus,..\RETOUCHdata\Cirrus\TRAIN016,66,1,0,0
TRAIN001,Cirrus,..\RETOUCHdata\Cirrus\TRAIN001,83,1,0,0
TRAIN067,Topcon,..\RETOUCHdata\Topcon\TRAIN067,69,1,0,0
TRAIN001,Cirrus,..\RETOUCHdata\Cirrus\TRAIN001,48,1,0,0
TRAIN002,Cirrus,..\RETOUCHdata\Cirrus\TRAIN002,27,0,0,0
TRAIN063,Topcon,..\RETOUCHdata\Topcon\TRAIN063,24,0,0,0
TRAIN064,Topcon,..\RETOUCHdata\Topcon\TRAIN064,33,0,0,0
TRAIN063,Topcon,..\RETOUCHdata\Topcon\TRAIN063,1,0,0,0
TRAIN063,Topcon,..\RETOUCHdata\Topcon\TRAIN063,81,0,1,1
TRAIN068,Topcon,..\RETOUCHdata\Topcon\TRAIN068,102,0,0,0
TRAIN064,Topcon,..\RETOUCHdata\Topcon\TRAIN064,119,0,0,0
TRAIN068,Topcon,..\RETOUCHdata\Topcon\TRAIN068,109,0,0,0
TRAIN014,Cirrus,..\RETOUCHdata\Cirrus\TRAIN014,97,0,0,0
TRAIN002,Cirrus,..\RETOUCHdata\Cirrus\TRAIN002,51,0,0,0
TRAIN048,Spectralis,..\RETOUCHdata\Spectralis\TRAIN048,23,1,0,0
TRAIN067,Topcon,..\RETOUCHdata\Topcon\TRAIN067,8,0,0,0
TRAIN016,Cirrus,..\RETOUCHdata\Cirrus\TRAIN016,71,1,0,0
TRAIN014,Cirrus,..\RETOUCHdata\Cirrus\TRAIN014,93,0,1,0
TRAIN068,Topcon,..\RETOUCHdata\Topcon\TRAIN068,72,1,0,0
TRAIN064,Topcon,..\RETOUCHdata\Topcon\TRAIN064,69,1,0,0
TRAIN064,Topcon,..\RETOUCHdata\Topcon\TRAIN064,89,0,0,0
TRAIN012,Cirrus,..\RETOUCHdata\Cirrus\TRAIN012,90,0,1,1
TRAIN067,Topcon,..\RETOUCHdata\Topcon\TRAIN067,9,0,0,0
TRAIN064,Topcon,..\RETOUCHdata\Topcon\TRAIN064,60,1,0,0
TRAIN068,Topcon,..\RETOUCHdata\Topcon\TRAIN068,32,0,0,0
TRAIN027,Spectralis,..\RETOUCHdata\Spectralis\TRAIN027,14,1,0,0
TRAIN063,Topcon,..\RETOUCHdata\Topcon\TRAIN063,39,0,0,0
TRAIN002,Cirrus,..\RETOUCHdata\Cirrus\TRAIN002,115,1,0,0
TRAIN068,Topcon,..\RETOUCHdata\Topcon\TRAIN068,9,0,0,0
TRAIN063,Topcon,..\RETOUCHdata\Topcon\TRAIN063,108,0,1,0
TRAIN068,Topcon,..\RETOUCHdata\Topcon\TRAIN068,85,1,0,0
TRAIN063,Topcon,..\RETOUCHdata\Topcon\TRAIN063,74,0,1,0
TRAIN042,Spectralis,..\RETOUCHdata\Spectralis\TRAIN042,23,1,1,1
TRAIN068,Topcon,..\RETOUCHdata\Topcon\TRAIN068,51,1,0,0
TRAIN016,Cirrus,..\RETOUCHdata\Cirrus\TRAIN016,114,1,0,0
TRAIN042,Spectralis,..\RETOUCHdata\Spectralis\TRAIN042,26,0,1,1
TRAIN048,Spectralis,..\RETOUCHdata\Spectralis\TRAIN048,3,0,0,0
TRAIN012,Cirrus,..\RETOUCHdata\Cirrus\TRAIN012,114,0,0,0
TRAIN001,Cirrus,..\RETOUCHdata\Cirrus\TRAIN001,54,1,0,0
TRAIN016,Cirrus,..\RETOUCHdata\Cirrus\TRAIN016,22,0,0,0
TRAIN039,Spectralis,..\RETOUCHdata\Spectralis\TRAIN039,47,0,0,0
TRAIN012,Cirrus,..\RETOUCHdata\Cirrus\TRAIN012,56,0,1,1
TRAIN064,Topcon,..\RETOUCHdata\Topcon\TRAIN064,97,0,0,0
TRAIN001,Cirrus,..\RETOUCHdata\Cirrus\TRAIN001,109,0,0,0
TRAIN014,Cirrus,..\RETOUCHdata\Cirrus\TRAIN014,46,0,1,1
TRAIN001,Cirrus,..\RETOUCHdata\Cirrus\TRAIN001,100,1,0,0
TRAIN016,Cirrus,..\RETOUCHdata\Cirrus\TRAIN016,1,0,0,0
TRAIN064,Topcon,..\RETOUCHdata\Topcon\TRAIN064,113,0,0,0
TRAIN012,Cirrus,..\RETOUCHdata\Cirrus\TRAIN012,10,0,0,0
TRAIN067,Topcon,..\RETOUCHdata\Topcon\TRAIN067,85,1,0,0
TRAIN012,Cirrus,..\RETOUCHdata\Cirrus\TRAIN012,40,0,1,1
TRAIN014,Cirrus,..\RETOUCHdata\Cirrus\TRAIN014,122,0,0,0
TRAIN062,Topcon,..\RETOUCHdata\Topcon\TRAIN062,16,1,0,0
TRAIN042,Spectralis,..\RETOUCHdata\Spectralis\TRAIN042,22,1,1,1
TRAIN012,Cirrus,..\RETOUCHdata\Cirrus\TRAIN012,121,0,0,0
TRAIN012,Cirrus,..\RETOUCHdata\Cirrus\TRAIN012,30,0,1,0
TRAIN068,Topcon,..\RETOUCHdata\Topcon\TRAIN068,67,1,1,0
TRAIN063,Topcon,..\RETOUCHdata\Topcon\TRAIN063,99,0,1,0
TRAIN001,Cirrus,..\RETOUCHdata\Cirrus\TRAIN001,126,0,0,0
TRAIN016,Cirrus,..\RETOUCHdata\Cirrus\TRAIN016,106,1,0,0
TRAIN012,Cirrus,..\RETOUCHdata\Cirrus\TRAIN012,36,0,1,0
TRAIN016,Cirrus,..\RETOUCHdata\Cirrus\TRAIN016,15,0,0,0
TRAIN067,Topcon,..\RETOUCHdata\Topcon\TRAIN067,50,1,0,0
TRAIN014,Cirrus,..\RETOUCHdata\Cirrus\TRAIN014,98,0,0,0
TRAIN012,Cirrus,..\RETOUCHdata\Cirrus\TRAIN012,99,0,1,0
TRAIN002,Cirrus,..\RETOUCHdata\Cirrus\TRAIN002,42,0,0,0
TRAIN064,Topcon,..\RETOUCHdata\Topcon\TRAIN064,118,0,0,0
TRAIN027,Spectralis,..\RETOUCHdata\Spectralis\TRAIN027,21,1,1,0
TRAIN067,Topcon,..\RETOUCHdata\Topcon\TRAIN067,29,0,0,0
TRAIN002,Cirrus,..\RETOUCHdata\Cirrus\TRAIN002,81,1,0,0
TRAIN014,Cirrus,..\RETOUCHdata\Cirrus\TRAIN014,101,0,0,0
TRAIN002,Cirrus,..\RETOUCHdata\Cirrus\TRAIN002,12,0,0,0
TRAIN064,Topcon,..\RETOUCHdata\Topcon\TRAIN064,112,0,0,0
TRAIN062,Topcon,..\RETOUCHdata\Topcon\TRAIN062,58,0,0,0
TRAIN016,Cirrus,..\RETOUCHdata\Cirrus\TRAIN016,109,1,0,0
TRAIN064,Topcon,..\RETOUCHdata\Topcon\TRAIN064,80,0,0,0
TRAIN067,Topcon,..\RETOUCHdata\Topcon\TRAIN067,117,0,0,0
TRAIN033,Spectralis,..\RETOUCHdata\Spectralis\TRAIN033,15,1,1,1
TRAIN067,Topcon,..\RETOUCHdata\Topcon\TRAIN067,118,0,0,0
TRAIN002,Cirrus,..\RETOUCHdata\Cirrus\TRAIN002,71,1,1,0
TRAIN014,Cirrus,..\RETOUCHdata\Cirrus\TRAIN014,109,0,0,0
TRAIN027,Spectralis,..\RETOUCHdata\Spectralis\TRAIN027,24,1,1,0
TRAIN068,Topcon,..\RETOUCHdata\Topcon\TRAIN068,6,0,0,0
TRAIN063,Topcon,..\RETOUCHdata\Topcon\TRAIN063,109,0,1,0
TRAIN064,Topcon,..\RETOUCHdata\Topcon\TRAIN064,110,0,0,0
TRAIN001,Cirrus,..\RETOUCHdata\Cirrus\TRAIN001,10,0,0,0
TRAIN002,Cirrus,..\RETOUCHdata\Cirrus\TRAIN002,19,0,0,0
TRAIN039,Spectralis,..\RETOUCHdata\Spectralis\TRAIN039,26,1,0,0
TRAIN012,Cirrus,..\RETOUCHdata\Cirrus\TRAIN012,26,0,1,0
TRAIN012,Cirrus,..\RETOUCHdata\Cirrus\TRAIN012,42,0,1,1
TRAIN062,Topcon,..\RETOUCHdata\Topcon\TRAIN062,33,0,0,0
TRAIN012,Cirrus,..\RETOUCHdata\Cirrus\TRAIN012,35,0,1,0
TRAIN042,Spectralis,..\RETOUCHdata\Spectralis\TRAIN042,32,0,1,1
TRAIN016,Cirrus,..\RETOUCHdata\Cirrus\TRAIN016,61,1,0,0
TRAIN068,Topcon,..\RETOUCHdata\Topcon\TRAIN068,121,0,0,0
TRAIN016,Cirrus,..\RETOUCHdata\Cirrus\TRAIN016,37,1,0,0
TRAIN014,Cirrus,..\RETOUCHdata\Cirrus\TRAIN014,78,0,1,1
TRAIN002,Cirrus,..\RETOUCHdata\Cirrus\TRAIN002,1,0,0,0
TRAIN048,Spectralis,..\RETOUCHdata\Spectralis\TRAIN048,9,0,0,0
TRAIN012,Cirrus,..\RETOUCHdata\Cirrus\TRAIN012,75,0,1,1
TRAIN012,Cirrus,..\RETOUCHdata\Cirrus\TRAIN012,67,0,1,1
TRAIN027,Spectralis,..\RETOUCHdata\Spectralis\TRAIN027,10,1,0,0
TRAIN014,Cirrus,..\RETOUCHdata\Cirrus\TRAIN014,55,0,1,1
TRAIN042,Spectralis,..\RETOUCHdata\Spectralis\TRAIN042,11,0,1,0
TRAIN002,Cirrus,..\RETOUCHdata\Cirrus\TRAIN002,7,0,0,0
TRAIN068,Topcon,..\RETOUCHdata\Topcon\TRAIN068,119,0,0,0
TRAIN039,Spectralis,..\RETOUCHdata\Spectralis\TRAIN039,24,1,0,0
TRAIN062,Topcon,..\RETOUCHdata\Topcon\TRAIN062,47,0,0,0
TRAIN014,Cirrus,..\RETOUCHdata\Cirrus\TRAIN014,51,0,1,1
TRAIN016,Cirrus,..\RETOUCHdata\Cirrus\TRAIN016,117,1,0,0
TRAIN067,Topcon,..\RETOUCHdata\Topcon\TRAIN067,5,0,0,0
TRAIN064,Topcon,..\RETOUCHdata\Topcon\TRAIN064,41,0,0,0
TRAIN064,Topcon,..\RETOUCHdata\Topcon\TRAIN064,7,0,0,0
TRAIN002,Cirrus,..\RETOUCHdata\Cirrus\TRAIN002,30,0,0,0
TRAIN063,Topcon,..\RETOUCHdata\Topcon\TRAIN063,18,0,0,0
TRAIN067,Topcon,..\RETOUCHdata\Topcon\TRAIN067,54,1,0,0
TRAIN016,Cirrus,..\RETOUCHdata\Cirrus\TRAIN016,39,1,0,0
TRAIN014,Cirrus,..\RETOUCHdata\Cirrus\TRAIN014,113,0,0,0
TRAIN063,Topcon,..\RETOUCHdata\Topcon\TRAIN063,82,0,1,0
TRAIN067,Topcon,..\RETOUCHdata\Topcon\TRAIN067,57,1,0,0
TRAIN063,Topcon,..\RETOUCHdata\Topcon\TRAIN063,64,0,1,1
TRAIN067,Topcon,..\RETOUCHdata\Topcon\TRAIN067,106,0,0,0
TRAIN016,Cirrus,..\RETOUCHdata\Cirrus\TRAIN016,54,1,0,0
TRAIN016,Cirrus,..\RETOUCHdata\Cirrus\TRAIN016,98,1,0,0
TRAIN067,Topcon,..\RETOUCHdata\Topcon\TRAIN067,73,1,0,0
TRAIN067,Topcon,..\RETOUCHdata\Topcon\TRAIN067,58,1,0,0
TRAIN042,Spectralis,..\RETOUCHdata\Spectralis\TRAIN042,29,0,1,1
TRAIN014,Cirrus,..\RETOUCHdata\Cirrus\TRAIN014,54,0,1,1
TRAIN062,Topcon,..\RETOUCHdata\Topcon\TRAIN062,55,0,0,0
TRAIN001,Cirrus,..\RETOUCHdata\Cirrus\TRAIN001,96,1,0,0
TRAIN016,Cirrus,..\RETOUCHdata\Cirrus\TRAIN016,48,1,0,0
TRAIN064,Topcon,..\RETOUCHdata\Topcon\TRAIN064,105,0,0,0
TRAIN014,Cirrus,..\RETOUCHdata\Cirrus\TRAIN014,87,0,1,1
TRAIN063,Topcon,..\RETOUCHdata\Topcon\TRAIN063,55,0,1,1
TRAIN014,Cirrus,..\RETOUCHdata\Cirrus\TRAIN014,26,0,0,0
TRAIN063,Topcon,..\RETOUCHdata\Topcon\TRAIN063,14,0,0,0
TRAIN016,Cirrus,..\RETOUCHdata\Cirrus\TRAIN016,70,1,0,0
TRAIN002,Cirrus,..\RETOUCHdata\Cirrus\TRAIN002,28,0,0,0
TRAIN016,Cirrus,..\RETOUCHdata\Cirrus\TRAIN016,82,1,0,0
TRAIN016,Cirrus,..\RETOUCHdata\Cirrus\TRAIN016,105,1,0,0
TRAIN014,Cirrus,..\RETOUCHdata\Cirrus\TRAIN014,63,0,1,1
TRAIN067,Topcon,..\RETOUCHdata\Topcon\TRAIN067,0,0,0,0
TRAIN048,Spectralis,..\RETOUCHdata\Spectralis\TRAIN048,25,1,0,0
TRAIN063,Topcon,..\RETOUCHdata\Topcon\TRAIN063,61,0,1,1
TRAIN014,Cirrus,..\RETOUCHdata\Cirrus\TRAIN014,6,0,0,0
TRAIN068,Topcon,..\RETOUCHdata\Topcon\TRAIN068,76,1,0,0
TRAIN048,Spectralis,..\RETOUCHdata\Spectralis\TRAIN048,11,0,0,0
TRAIN067,Topcon,..\RETOUCHdata\Topcon\TRAIN067,79,1,0,0
TRAIN016,Cirrus,..\RETOUCHdata\Cirrus\TRAIN016,103,1,0,0
TRAIN016,Cirrus,..\RETOUCHdata\Cirrus\TRAIN016,101,1,0,0
TRAIN067,Topcon,..\RETOUCHdata\Topcon\TRAIN067,98,0,0,0
TRAIN014,Cirrus,..\RETOUCHdata\Cirrus\TRAIN014,102,0,0,0
TRAIN016,Cirrus,..\RETOUCHdata\Cirrus\TRAIN016,49,1,0,0
TRAIN012,Cirrus,..\RETOUCHdata\Cirrus\TRAIN012,52,0,1,1
TRAIN014,Cirrus,..\RETOUCHdata\Cirrus\TRAIN014,77,0,1,1
TRAIN064,Topcon,..\RETOUCHdata\Topcon\TRAIN064,65,1,0,0
TRAIN033,Spectralis,..\RETOUCHdata\Spectralis\TRAIN033,41,0,0,0
TRAIN064,Topcon,..\RETOUCHdata\Topcon\TRAIN064,78,0,0,0
TRAIN064,Topcon,..\RETOUCHdata\Topcon\TRAIN064,126,0,0,0
TRAIN033,Spectralis,..\RETOUCHdata\Spectralis\TRAIN033,11,0,1,0
TRAIN048,Spectralis,..\RETOUCHdata\Spectralis\TRAIN048,13,0,0,0
TRAIN067,Topcon,..\RETOUCHdata\Topcon\TRAIN067,55,1,0,0
TRAIN042,Spectralis,..\RETOUCHdata\Spectralis\TRAIN042,0,0,0,0
TRAIN012,Cirrus,..\RETOUCHdata\Cirrus\TRAIN012,96,0,1,1
TRAIN033,Spectralis,..\RETOUCHdata\Spectralis\TRAIN033,21,1,1,1
TRAIN001,Cirrus,..\RETOUCHdata\Cirrus\TRAIN001,124,0,0,0
TRAIN002,Cirrus,..\RETOUCHdata\Cirrus\TRAIN002,50,0,0,0
TRAIN012,Cirrus,..\RETOUCHdata\Cirrus\TRAIN012,31,0,1,0
TRAIN068,Topcon,..\RETOUCHdata\Topcon\TRAIN068,74,1,0,0
TRAIN067,Topcon,..\RETOUCHdata\Topcon\TRAIN067,3,0,0,0
TRAIN012,Cirrus,..\RETOUCHdata\Cirrus\TRAIN012,38,0,1,0
TRAIN012,Cirrus,..\RETOUCHdata\Cirrus\TRAIN012,71,0,1,1
TRAIN068,Topcon,..\RETOUCHdata\Topcon\TRAIN068,123,0,0,0
TRAIN048,Spectralis,..\RETOUCHdata\Spectralis\TRAIN048,5,0,0,0
TRAIN064,Topcon,..\RETOUCHdata\Topcon\TRAIN064,44,0,0,0
TRAIN062,Topcon,..\RETOUCHdata\Topcon\TRAIN062,46,0,0,0
TRAIN002,Cirrus,..\RETOUCHdata\Cirrus\TRAIN002,108,1,0,0
TRAIN001,Cirrus,..\RETOUCHdata\Cirrus\TRAIN001,88,1,0,0
TRAIN062,Topcon,..\RETOUCHdata\Topcon\TRAIN062,1,1,0,0
TRAIN016,Cirrus,..\RETOUCHdata\Cirrus\TRAIN016,40,1,0,0
TRAIN016,Cirrus,..\RETOUCHdata\Cirrus\TRAIN016,118,1,0,0
TRAIN068,Topcon,..\RETOUCHdata\Topcon\TRAIN068,19,0,0,0
TRAIN027,Spectralis,..\RETOUCHdata\Spectralis\TRAIN027,25,1,1,0
TRAIN062,Topcon,..\RETOUCHdata\Topcon\TRAIN062,15,1,0,0
TRAIN012,Cirrus,..\RETOUCHdata\Cirrus\TRAIN012,34,0,1,0
TRAIN068,Topcon,..\RETOUCHdata\Topcon\TRAIN068,49,1,0,0
TRAIN016,Cirrus,..\RETOUCHdata\Cirrus\TRAIN016,58,1,0,0
TRAIN012,Cirrus,..\RETOUCHdata\Cirrus\TRAIN012,92,0,1,1
TRAIN016,Cirrus,..\RETOUCHdata\Cirrus\TRAIN016,32,1,0,0
TRAIN068,Topcon,..\RETOUCHdata\Topcon\TRAIN068,43,0,0,0
TRAIN027,Spectralis,..\RETOUCHdata\Spectralis\TRAIN027,20,1,1,0
TRAIN064,Topcon,..\RETOUCHdata\Topcon\TRAIN064,34,0,0,0
TRAIN014,Cirrus,..\RETOUCHdata\Cirrus\TRAIN014,74,0,1,1
TRAIN063,Topcon,..\RETOUCHdata\Topcon\TRAIN063,56,0,1,1
TRAIN012,Cirrus,..\RETOUCHdata\Cirrus\TRAIN012,77,0,1,1
TRAIN033,Spectralis,..\RETOUCHdata\Spectralis\TRAIN033,32,1,1,0
TRAIN067,Topcon,..\RETOUCHdata\Topcon\TRAIN067,84,1,0,0
TRAIN027,Spectralis,..\RETOUCHdata\Spectralis\TRAIN027,38,1,0,0
TRAIN068,Topcon,..\RETOUCHdata\Topcon\TRAIN068,21,0,0,0
TRAIN012,Cirrus,..\RETOUCHdata\Cirrus\TRAIN012,72,0,1,1
TRAIN012,Cirrus,..\RETOUCHdata\Cirrus\TRAIN012,62,0,1,1
TRAIN068,Topcon,..\RETOUCHdata\Topcon\TRAIN068,105,0,0,0
TRAIN062,Topcon,..\RETOUCHdata\Topcon\TRAIN062,23,1,0,0
TRAIN001,Cirrus,..\RETOUCHdata\Cirrus\TRAIN001,12,0,0,0
TRAIN002,Cirrus,..\RETOUCHdata\Cirrus\TRAIN002,43,0,0,0
TRAIN012,Cirrus,..\RETOUCHdata\Cirrus\TRAIN012,4,0,0,0
TRAIN039,Spectralis,..\RETOUCHdata\Spectralis\TRAIN039,40,0,0,0
TRAIN042,Spectralis,..\RETOUCHdata\Spectralis\TRAIN042,31,0,1,1
TRAIN039,Spectralis,..\RETOUCHdata\Spectralis\TRAIN039,21,1,0,0
TRAIN002,Cirrus,..\RETOUCHdata\Cirrus\TRAIN002,10,0,0,0
TRAIN067,Topcon,..\RETOUCHdata\Topcon\TRAIN067,4,0,0,0
TRAIN062,Topcon,..\RETOUCHdata\Topcon\TRAIN062,0,1,0,0
TRAIN039,Spectralis,..\RETOUCHdata\Spectralis\TRAIN039,3,1,0,0
TRAIN002,Cirrus,..\RETOUCHdata\Cirrus\TRAIN002,11,0,0,0
TRAIN067,Topcon,..\RETOUCHdata\Topcon\TRAIN067,71,1,0,0
TRAIN064,Topcon,..\RETOUCHdata\Topcon\TRAIN064,4,0,0,0
TRAIN002,Cirrus,..\RETOUCHdata\Cirrus\TRAIN002,96,1,0,0
TRAIN063,Topcon,..\RETOUCHdata\Topcon\TRAIN063,114,0,1,0
TRAIN014,Cirrus,..\RETOUCHdata\Cirrus\TRAIN014,25,0,0,0
TRAIN012,Cirrus,..\RETOUCHdata\Cirrus\TRAIN012,69,0,1,1
TRAIN012,Cirrus,..\RETOUCHdata\Cirrus\TRAIN012,43,0,1,1
TRAIN067,Topcon,..\RETOUCHdata\Topcon\TRAIN067,37,1,0,0
TRAIN033,Spectralis,..\RETOUCHdata\Spectralis\TRAIN033,16,1,1,1
TRAIN067,Topcon,..\RETOUCHdata\Topcon\TRAIN067,30,0,0,0
TRAIN068,Topcon,..\RETOUCHdata\Topcon\TRAIN068,22,0,0,0
TRAIN062,Topcon,..\RETOUCHdata\Topcon\TRAIN062,18,1,0,0
TRAIN042,Spectralis,..\RETOUCHdata\Spectralis\TRAIN042,42,0,1,0
TRAIN014,Cirrus,..\RETOUCHdata\Cirrus\TRAIN014,119,0,0,0
TRAIN068,Topcon,..\RETOUCHdata\Topcon\TRAIN068,3,0,0,0
TRAIN001,Cirrus,..\RETOUCHdata\Cirrus\TRAIN001,3,0,0,0
TRAIN067,Topcon,..\RETOUCHdata\Topcon\TRAIN067,108,0,0,0
TRAIN014,Cirrus,..\RETOUCHdata\Cirrus\TRAIN014,83,0,1,1
TRAIN012,Cirrus,..\RETOUCHdata\Cirrus\TRAIN012,65,0,1,1
TRAIN001,Cirrus,..\RETOUCHdata\Cirrus\TRAIN001,5,0,0,0
TRAIN067,Topcon,..\RETOUCHdata\Topcon\TRAIN067,34,0,0,0
TRAIN064,Topcon,..\RETOUCHdata\Topcon\TRAIN064,16,0,0,0
TRAIN033,Spectralis,..\RETOUCHdata\Spectralis\TRAIN033,26,1,1,1
TRAIN001,Cirrus,..\RETOUCHdata\Cirrus\TRAIN001,39,1,0,0
TRAIN016,Cirrus,..\RETOUCHdata\Cirrus\TRAIN016,30,0,0,0
TRAIN002,Cirrus,..\RETOUCHdata\Cirrus\TRAIN002,114,0,0,0
TRAIN002,Cirrus,..\RETOUCHdata\Cirrus\TRAIN002,8,0,0,0
TRAIN033,Spectralis,..\RETOUCHdata\Spectralis\TRAIN033,25,1,0,1
TRAIN033,Spectralis,..\RETOUCHdata\Spectralis\TRAIN033,48,0,0,0
TRAIN067,Topcon,..\RETOUCHdata\Topcon\TRAIN067,96,0,0,0
TRAIN063,Topcon,..\RETOUCHdata\Topcon\TRAIN063,94,0,1,0
TRAIN067,Topcon,..\RETOUCHdata\Topcon\TRAIN067,125,0,0,0
TRAIN064,Topcon,..\RETOUCHdata\Topcon\TRAIN064,26,0,0,0
TRAIN039,Spectralis,..\RETOUCHdata\Spectralis\TRAIN039,14,1,0,0
TRAIN068,Topcon,..\RETOUCHdata\Topcon\TRAIN068,20,0,0,0
TRAIN012,Cirrus,..\RETOUCHdata\Cirrus\TRAIN012,120,0,0,0
TRAIN012,Cirrus,..\RETOUCHdata\Cirrus\TRAIN012,58,0,1,1
TRAIN014,Cirrus,..\RETOUCHdata\Cirrus\TRAIN014,58,0,1,1
TRAIN012,Cirrus,..\RETOUCHdata\Cirrus\TRAIN012,63,0,1,1
TRAIN039,Spectralis,..\RETOUCHdata\Spectralis\TRAIN039,29,1,0,0
TRAIN039,Spectralis,..\RETOUCHdata\Spectralis\TRAIN039,18,1,0,0
TRAIN014,Cirrus,..\RETOUCHdata\Cirrus\TRAIN014,40,0,1,0
TRAIN016,Cirrus,..\RETOUCHdata\Cirrus\TRAIN016,41,1,0,0
TRAIN063,Topcon,..\RETOUCHdata\Topcon\TRAIN063,86,0,1,0
TRAIN063,Topcon,..\RETOUCHdata\Topcon\TRAIN063,4,0,0,0
TRAIN064,Topcon,..\RETOUCHdata\Topcon\TRAIN064,108,0,0,0
TRAIN016,Cirrus,..\RETOUCHdata\Cirrus\TRAIN016,84,1,0,0
TRAIN002,Cirrus,..\RETOUCHdata\Cirrus\TRAIN002,99,1,0,0
TRAIN064,Topcon,..\RETOUCHdata\Topcon\TRAIN064,29,0,0,0
TRAIN039,Spectralis,..\RETOUCHdata\Spectralis\TRAIN039,33,0,0,0
TRAIN062,Topcon,..\RETOUCHdata\Topcon\TRAIN062,48,0,0,0
TRAIN068,Topcon,..\RETOUCHdata\Topcon\TRAIN068,84,1,0,0
TRAIN001,Cirrus,..\RETOUCHdata\Cirrus\TRAIN001,66,1,1,0
TRAIN063,Topcon,..\RETOUCHdata\Topcon\TRAIN063,50,0,0,1
TRAIN016,Cirrus,..\RETOUCHdata\Cirrus\TRAIN016,67,1,0,0
TRAIN062,Topcon,..\RETOUCHdata\Topcon\TRAIN062,57,0,0,0
TRAIN002,Cirrus,..\RETOUCHdata\Cirrus\TRAIN002,83,1,0,0
TRAIN064,Topcon,..\RETOUCHdata\Topcon\TRAIN064,71,1,0,0
TRAIN039,Spectralis,..\RETOUCHdata\Spectralis\TRAIN039,7,1,0,0
TRAIN016,Cirrus,..\RETOUCHdata\Cirrus\TRAIN016,24,0,0,0
TRAIN067,Topcon,..\RETOUCHdata\Topcon\TRAIN067,81,1,0,0
TRAIN067,Topcon,..\RETOUCHdata\Topcon\TRAIN067,90,0,0,0
TRAIN001,Cirrus,..\RETOUCHdata\Cirrus\TRAIN001,85,1,0,0
TRAIN067,Topcon,..\RETOUCHdata\Topcon\TRAIN067,109,0,0,0
TRAIN063,Topcon,..\RETOUCHdata\Topcon\TRAIN063,25,0,0,0
TRAIN063,Topcon,..\RETOUCHdata\Topcon\TRAIN063,27,0,0,0
TRAIN016,Cirrus,..\RETOUCHdata\Cirrus\TRAIN016,119,1,0,0
TRAIN067,Topcon,..\RETOUCHdata\Topcon\TRAIN067,110,0,0,0
TRAIN068,Topcon,..\RETOUCHdata\Topcon\TRAIN068,50,1,0,0
TRAIN068,Topcon,..\RETOUCHdata\Topcon\TRAIN068,68,1,1,0
TRAIN063,Topcon,..\RETOUCHdata\Topcon\TRAIN063,0,0,0,0
TRAIN012,Cirrus,..\RETOUCHdata\Cirrus\TRAIN012,17,0,0,0
TRAIN063,Topcon,..\RETOUCHdata\Topcon\TRAIN063,85,0,1,0
TRAIN012,Cirrus,..\RETOUCHdata\Cirrus\TRAIN012,106,0,1,0
TRAIN016,Cirrus,..\RETOUCHdata\Cirrus\TRAIN016,110,1,0,0
TRAIN001,Cirrus,..\RETOUCHdata\Cirrus\TRAIN001,2,0,0,0
TRAIN001,Cirrus,..\RETOUCHdata\Cirrus\TRAIN001,6,0,0,0
TRAIN012,Cirrus,..\RETOUCHdata\Cirrus\TRAIN012,55,0,1,1
TRAIN027,Spectralis,..\RETOUCHdata\Spectralis\TRAIN027,28,1,1,0
TRAIN063,Topcon,..\RETOUCHdata\Topcon\TRAIN063,88,0,1,0
TRAIN068,Topcon,..\RETOUCHdata\Topcon\TRAIN068,106,0,0,0
TRAIN002,Cirrus,..\RETOUCHdata\Cirrus\TRAIN002,87,1,0,0
TRAIN064,Topcon,..\RETOUCHdata\Topcon\TRAIN064,42,0,0,0
TRAIN001,Cirrus,..\RETOUCHdata\Cirrus\TRAIN001,27,1,0,0
TRAIN063,Topcon,..\RETOUCHdata\Topcon\TRAIN063,106,0,1,0
TRAIN042,Spectralis,..\RETOUCHdata\Spectralis\TRAIN042,37,0,1,1
TRAIN068,Topcon,..\RETOUCHdata\Topcon\TRAIN068,82,1,0,0
TRAIN064,Topcon,..\RETOUCHdata\Topcon\TRAIN064,121,0,0,0
TRAIN067,Topcon,..\RETOUCHdata\Topcon\TRAIN067,75,0,0,0
TRAIN016,Cirrus,..\RETOUCHdata\Cirrus\TRAIN016,112,1,0,0
TRAIN042,Spectralis,..\RETOUCHdata\Spectralis\TRAIN042,20,0,1,1
TRAIN012,Cirrus,..\RETOUCHdata\Cirrus\TRAIN012,0,0,0,0
TRAIN001,Cirrus,..\RETOUCHdata\Cirrus\TRAIN001,25,1,0,0
TRAIN012,Cirrus,..\RETOUCHdata\Cirrus\TRAIN012,80,0,1,1
TRAIN016,Cirrus,..\RETOUCHdata\Cirrus\TRAIN016,60,1,0,0
TRAIN001,Cirrus,..\RETOUCHdata\Cirrus\TRAIN001,47,1,0,0
TRAIN001,Cirrus,..\RETOUCHdata\Cirrus\TRAIN001,106,0,0,0
TRAIN012,Cirrus,..\RETOUCHdata\Cirrus\TRAIN012,93,0,1,1
TRAIN001,Cirrus,..\RETOUCHdata\Cirrus\TRAIN001,55,1,0,0
TRAIN068,Topcon,..\RETOUCHdata\Topcon\TRAIN068,110,0,0,0
TRAIN002,Cirrus,..\RETOUCHdata\Cirrus\TRAIN002,85,1,0,0
TRAIN001,Cirrus,..\RETOUCHdata\Cirrus\TRAIN001,120,0,0,0
TRAIN067,Topcon,..\RETOUCHdata\Topcon\TRAIN067,1,0,0,0
TRAIN068,Topcon,..\RETOUCHdata\Topcon\TRAIN068,55,1,0,0
TRAIN001,Cirrus,..\RETOUCHdata\Cirrus\TRAIN001,72,1,0,0
TRAIN039,Spectralis,..\RETOUCHdata\Spectralis\TRAIN039,5,1,0,0
TRAIN064,Topcon,..\RETOUCHdata\Topcon\TRAIN064,111,0,0,0
TRAIN001,Cirrus,..\RETOUCHdata\Cirrus\TRAIN001,45,1,0,0
TRAIN067,Topcon,..\RETOUCHdata\Topcon\TRAIN067,25,0,0,0
TRAIN016,Cirrus,..\RETOUCHdata\Cirrus\TRAIN016,11,0,0,0
TRAIN042,Spectralis,..\RETOUCHdata\Spectralis\TRAIN042,39,0,1,1
TRAIN048,Spectralis,..\RETOUCHdata\Spectralis\TRAIN048,31,1,0,0
TRAIN064,Topcon,..\RETOUCHdata\Topcon\TRAIN064,122,0,0,0
TRAIN039,Spectralis,..\RETOUCHdata\Spectralis\TRAIN039,19,1,0,0
TRAIN016,Cirrus,..\RETOUCHdata\Cirrus\TRAIN016,21,0,0,0
TRAIN016,Cirrus,..\RETOUCHdata\Cirrus\TRAIN016,91,1,0,0
TRAIN014,Cirrus,..\RETOUCHdata\Cirrus\TRAIN014,81,0,1,1
TRAIN068,Topcon,..\RETOUCHdata\Topcon\TRAIN068,58,1,0,0
TRAIN067,Topcon,..\RETOUCHdata\Topcon\TRAIN067,39,1,0,0
TRAIN064,Topcon,..\RETOUCHdata\Topcon\TRAIN064,3,0,0,0
TRAIN062,Topcon,..\RETOUCHdata\Topcon\TRAIN062,19,1,0,0
TRAIN001,Cirrus,..\RETOUCHdata\Cirrus\TRAIN001,60,1,1,0
TRAIN001,Cirrus,..\RETOUCHdata\Cirrus\TRAIN001,92,1,0,0
TRAIN027,Spectralis,..\RETOUCHdata\Spectralis\TRAIN027,26,1,1,0
TRAIN033,Spectralis,..\RETOUCHdata\Spectralis\TRAIN033,38,1,0,0
TRAIN002,Cirrus,..\RETOUCHdata\Cirrus\TRAIN002,66,1,1,0
TRAIN012,Cirrus,..\RETOUCHdata\Cirrus\TRAIN012,24,0,1,0
TRAIN012,Cirrus,..\RETOUCHdata\Cirrus\TRAIN012,103,0,1,0
TRAIN016,Cirrus,..\RETOUCHdata\Cirrus\TRAIN016,7,0,0,0
TRAIN068,Topcon,..\RETOUCHdata\Topcon\TRAIN068,122,0,0,0
TRAIN062,Topcon,..\RETOUCHdata\Topcon\TRAIN062,38,0,0,0
TRAIN002,Cirrus,..\RETOUCHdata\Cirrus\TRAIN002,54,0,0,0
TRAIN063,Topcon,..\RETOUCHdata\Topcon\TRAIN063,38,0,0,0
TRAIN001,Cirrus,..\RETOUCHdata\Cirrus\TRAIN001,110,0,0,0
TRAIN001,Cirrus,..\RETOUCHdata\Cirrus\TRAIN001,42,1,0,0
TRAIN067,Topcon,..\RETOUCHdata\Topcon\TRAIN067,31,0,0,0
TRAIN002,Cirrus,..\RETOUCHdata\Cirrus\TRAIN002,76,1,0,0
TRAIN063,Topcon,..\RETOUCHdata\Topcon\TRAIN063,34,0,0,0
TRAIN001,Cirrus,..\RETOUCHdata\Cirrus\TRAIN001,52,1,0,0
TRAIN016,Cirrus,..\RETOUCHdata\Cirrus\TRAIN016,33,1,0,0
TRAIN062,Topcon,..\RETOUCHdata\Topcon\TRAIN062,60,0,0,0
TRAIN048,Spectralis,..\RETOUCHdata\Spectralis\TRAIN048,16,0,0,0
TRAIN068,Topcon,..\RETOUCHdata\Topcon\TRAIN068,80,1,0,0
TRAIN068,Topcon,..\RETOUCHdata\Topcon\TRAIN068,42,0,0,0
TRAIN002,Cirrus,..\RETOUCHdata\Cirrus\TRAIN002,55,1,0,0
TRAIN002,Cirrus,..\RETOUCHdata\Cirrus\TRAIN002,9,0,0,0
TRAIN062,Topcon,..\RETOUCHdata\Topcon\TRAIN062,41,0,0,0
TRAIN001,Cirrus,..\RETOUCHdata\Cirrus\TRAIN001,80,1,0,0
TRAIN068,Topcon,..\RETOUCHdata\Topcon\TRAIN068,31,0,0,0
TRAIN001,Cirrus,..\RETOUCHdata\Cirrus\TRAIN001,105,1,0,0
TRAIN016,Cirrus,..\RETOUCHdata\Cirrus\TRAIN016,29,0,0,0
TRAIN033,Spectralis,..\RETOUCHdata\Spectralis\TRAIN033,17,0,1,1
TRAIN014,Cirrus,..\RETOUCHdata\Cirrus\TRAIN014,96,0,0,0
TRAIN002,Cirrus,..\RETOUCHdata\Cirrus\TRAIN002,37,0,0,0
TRAIN002,Cirrus,..\RETOUCHdata\Cirrus\TRAIN002,120,1,0,0
TRAIN012,Cirrus,..\RETOUCHdata\Cirrus\TRAIN012,51,0,1,1
TRAIN014,Cirrus,..\RETOUCHdata\Cirrus\TRAIN014,62,0,1,1
TRAIN033,Spectralis,..\RETOUCHdata\Spectralis\TRAIN033,23,1,1,1
TRAIN012,Cirrus,..\RETOUCHdata\Cirrus\TRAIN012,78,0,1,1
TRAIN001,Cirrus,..\RETOUCHdata\Cirrus\TRAIN001,97,0,0,0
TRAIN033,Spectralis,..\RETOUCHdata\Spectralis\TRAIN033,35,1,1,0
TRAIN062,Topcon,..\RETOUCHdata\Topcon\TRAIN062,20,1,0,0
TRAIN062,Topcon,..\RETOUCHdata\Topcon\TRAIN062,14,1,0,0
TRAIN001,Cirrus,..\RETOUCHdata\Cirrus\TRAIN001,102,1,0,0
TRAIN014,Cirrus,..\RETOUCHdata\Cirrus\TRAIN014,50,0,1,1
TRAIN063,Topcon,..\RETOUCHdata\Topcon\TRAIN063,58,0,1,1
TRAIN067,Topcon,..\RETOUCHdata\Topcon\TRAIN067,100,0,0,0
TRAIN042,Spectralis,..\RETOUCHdata\Spectralis\TRAIN042,47,0,1,0
TRAIN067,Topcon,..\RETOUCHdata\Topcon\TRAIN067,119,0,0,0
TRAIN012,Cirrus,..\RETOUCHdata\Cirrus\TRAIN012,46,0,1,1
TRAIN067,Topcon,..\RETOUCHdata\Topcon\TRAIN067,24,0,0,0
TRAIN064,Topcon,..\RETOUCHdata\Topcon\TRAIN064,114,0,0,0
TRAIN014,Cirrus,..\RETOUCHdata\Cirrus\TRAIN014,4,0,0,0
TRAIN002,Cirrus,..\RETOUCHdata\Cirrus\TRAIN002,107,1,0,0
TRAIN067,Topcon,..\RETOUCHdata\Topcon\TRAIN067,7,0,0,0
TRAIN012,Cirrus,..\RETOUCHdata\Cirrus\TRAIN012,11,0,0,0
TRAIN012,Cirrus,..\RETOUCHdata\Cirrus\TRAIN012,49,0,1,1
TRAIN001,Cirrus,..\RETOUCHdata\Cirrus\TRAIN001,117,0,0,0
TRAIN064,Topcon,..\RETOUCHdata\Topcon\TRAIN064,102,0,0,0
TRAIN027,Spectralis,..\RETOUCHdata\Spectralis\TRAIN027,33,1,0,0
TRAIN002,Cirrus,..\RETOUCHdata\Cirrus\TRAIN002,121,0,0,0
TRAIN063,Topcon,..\RETOUCHdata\Topcon\TRAIN063,116,0,1,0
TRAIN063,Topcon,..\RETOUCHdata\Topcon\TRAIN063,103,0,1,0
TRAIN001,Cirrus,..\RETOUCHdata\Cirrus\TRAIN001,71,1,0,0
TRAIN001,Cirrus,..\RETOUCHdata\Cirrus\TRAIN001,94,1,0,0
TRAIN068,Topcon,..\RETOUCHdata\Topcon\TRAIN068,107,0,0,0
TRAIN001,Cirrus,..\RETOUCHdata\Cirrus\TRAIN001,33,1,0,0
TRAIN064,Topcon,..\RETOUCHdata\Topcon\TRAIN064,90,0,0,0
TRAIN014,Cirrus,..\RETOUCHdata\Cirrus\TRAIN014,64,0,1,1
TRAIN014,Cirrus,..\RETOUCHdata\Cirrus\TRAIN014,61,0,1,1
TRAIN033,Spectralis,..\RETOUCHdata\Spectralis\TRAIN033,27,1,1,1
TRAIN048,Spectralis,..\RETOUCHdata\Spectralis\TRAIN048,8,0,0,0
TRAIN064,Topcon,..\RETOUCHdata\Topcon\TRAIN064,35,0,0,0
TRAIN048,Spectralis,..\RETOUCHdata\Spectralis\TRAIN048,22,1,0,0
TRAIN063,Topcon,..\RETOUCHdata\Topcon\TRAIN063,48,0,0,1
TRAIN001,Cirrus,..\RETOUCHdata\Cirrus\TRAIN001,77,1,0,0
TRAIN001,Cirrus,..\RETOUCHdata\Cirrus\TRAIN001,84,1,0,0
TRAIN042,Spectralis,..\RETOUCHdata\Spectralis\TRAIN042,5,0,0,0
TRAIN001,Cirrus,..\RETOUCHdata\Cirrus\TRAIN001,82,1,0,0
TRAIN014,Cirrus,..\RETOUCHdata\Cirrus\TRAIN014,73,0,1,1
TRAIN063,Topcon,..\RETOUCHdata\Topcon\TRAIN063,21,0,0,0
TRAIN027,Spectralis,..\RETOUCHdata\Spectralis\TRAIN027,36,1,0,0
TRAIN062,Topcon,..\RETOUCHdata\Topcon\TRAIN062,53,0,0,0
TRAIN063,Topcon,..\RETOUCHdata\Topcon\TRAIN063,101,0,1,1
TRAIN014,Cirrus,..\RETOUCHdata\Cirrus\TRAIN014,52,0,1,1
TRAIN027,Spectralis,..\RETOUCHdata\Spectralis\TRAIN027,4,0,0,0
TRAIN039,Spectralis,..\RETOUCHdata\Spectralis\TRAIN039,42,0,0,0
TRAIN048,Spectralis,..\RETOUCHdata\Spectralis\TRAIN048,26,1,0,0
TRAIN068,Topcon,..\RETOUCHdata\Topcon\TRAIN068,24,0,0,0
TRAIN014,Cirrus,..\RETOUCHdata\Cirrus\TRAIN014,20,0,0,0
TRAIN067,Topcon,..\RETOUCHdata\Topcon\TRAIN067,65,1,0,0
TRAIN062,Topcon,..\RETOUCHdata\Topcon\TRAIN062,56,0,0,0
TRAIN062,Topcon,..\RETOUCHdata\Topcon\TRAIN062,59,0,0,0
TRAIN001,Cirrus,..\RETOUCHdata\Cirrus\TRAIN001,104,1,0,0
TRAIN016,Cirrus,..\RETOUCHdata\Cirrus\TRAIN016,97,1,0,0
TRAIN063,Topcon,..\RETOUCHdata\Topcon\TRAIN063,119,0,1,1
TRAIN063,Topcon,..\RETOUCHdata\Topcon\TRAIN063,44,0,0,0
TRAIN062,Topcon,..\RETOUCHdata\Topcon\TRAIN062,3,1,0,0
TRAIN001,Cirrus,..\RETOUCHdata\Cirrus\TRAIN001,62,1,1,0
TRAIN012,Cirrus,..\RETOUCHdata\Cirrus\TRAIN012,25,0,1,0
TRAIN063,Topcon,..\RETOUCHdata\Topcon\TRAIN063,15,0,0,0
TRAIN002,Cirrus,..\RETOUCHdata\Cirrus\TRAIN002,110,1,0,0
TRAIN002,Cirrus,..\RETOUCHdata\Cirrus\TRAIN002,95,1,0,0
TRAIN002,Cirrus,..\RETOUCHdata\Cirrus\TRAIN002,17,0,0,0
TRAIN068,Topcon,..\RETOUCHdata\Topcon\TRAIN068,29,0,0,0
TRAIN012,Cirrus,..\RETOUCHdata\Cirrus\TRAIN012,117,0,0,0
TRAIN001,Cirrus,..\RETOUCHdata\Cirrus\TRAIN001,118,0,0,0
TRAIN064,Topcon,..\RETOUCHdata\Topcon\TRAIN064,19,0,0,0
TRAIN002,Cirrus,..\RETOUCHdata\Cirrus\TRAIN002,122,0,0,0
TRAIN068,Topcon,..\RETOUCHdata\Topcon\TRAIN068,73,1,0,0
TRAIN001,Cirrus,..\RETOUCHdata\Cirrus\TRAIN001,9,0,0,0
TRAIN014,Cirrus,..\RETOUCHdata\Cirrus\TRAIN014,65,0,1,1
TRAIN033,Spectralis,..\RETOUCHdata\Spectralis\TRAIN033,19,1,1,1
TRAIN002,Cirrus,..\RETOUCHdata\Cirrus\TRAIN002,127,0,0,0
TRAIN016,Cirrus,..\RETOUCHdata\Cirrus\TRAIN016,81,1,0,0
TRAIN014,Cirrus,..\RETOUCHdata\Cirrus\TRAIN014,5,0,0,0
TRAIN064,Topcon,..\RETOUCHdata\Topcon\TRAIN064,125,0,0,0
TRAIN064,Topcon,..\RETOUCHdata\Topcon\TRAIN064,91,0,0,0
TRAIN016,Cirrus,..\RETOUCHdata\Cirrus\TRAIN016,45,1,0,0
TRAIN067,Topcon,..\RETOUCHdata\Topcon\TRAIN067,93,1,0,0
TRAIN068,Topcon,..\RETOUCHdata\Topcon\TRAIN068,91,1,0,0
TRAIN014,Cirrus,..\RETOUCHdata\Cirrus\TRAIN014,76,0,1,1
TRAIN033,Spectralis,..\RETOUCHdata\Spectralis\TRAIN033,34,1,1,0
TRAIN068,Topcon,..\RETOUCHdata\Topcon\TRAIN068,13,0,0,0
TRAIN002,Cirrus,..\RETOUCHdata\Cirrus\TRAIN002,16,0,0,0
TRAIN014,Cirrus,..\RETOUCHdata\Cirrus\TRAIN014,117,0,0,0
TRAIN063,Topcon,..\RETOUCHdata\Topcon\TRAIN063,121,0,1,1
TRAIN039,Spectralis,..\RETOUCHdata\Spectralis\TRAIN039,1,1,0,0
TRAIN068,Topcon,..\RETOUCHdata\Topcon\TRAIN068,16,0,0,0
TRAIN033,Spectralis,..\RETOUCHdata\Spectralis\TRAIN033,42,0,0,0
TRAIN016,Cirrus,..\RETOUCHdata\Cirrus\TRAIN016,27,0,0,0
TRAIN002,Cirrus,..\RETOUCHdata\Cirrus\TRAIN002,49,0,0,0
TRAIN068,Topcon,..\RETOUCHdata\Topcon\TRAIN068,75,1,0,0
TRAIN033,Spectralis,..\RETOUCHdata\Spectralis\TRAIN033,8,0,1,0
TRAIN068,Topcon,..\RETOUCHdata\Topcon\TRAIN068,69,1,1,0
TRAIN063,Topcon,..\RETOUCHdata\Topcon\TRAIN063,73,0,1,0
TRAIN064,Topcon,..\RETOUCHdata\Topcon\TRAIN064,39,0,0,0
TRAIN068,Topcon,..\RETOUCHdata\Topcon\TRAIN068,96,0,0,0
TRAIN068,Topcon,..\RETOUCHdata\Topcon\TRAIN068,120,0,0,0
TRAIN001,Cirrus,..\RETOUCHdata\Cirrus\TRAIN001,7,0,0,0
TRAIN042,Spectralis,..\RETOUCHdata\Spectralis\TRAIN042,33,0,1,1
TRAIN027,Spectralis,..\RETOUCHdata\Spectralis\TRAIN027,27,1,1,0
TRAIN068,Topcon,..\RETOUCHdata\Topcon\TRAIN068,56,1,0,0
TRAIN012,Cirrus,..\RETOUCHdata\Cirrus\TRAIN012,101,0,1,0
TRAIN039,Spectralis,..\RETOUCHdata\Spectralis\TRAIN039,45,0,0,0
TRAIN063,Topcon,..\RETOUCHdata\Topcon\TRAIN063,36,0,0,0
TRAIN012,Cirrus,..\RETOUCHdata\Cirrus\TRAIN012,73,0,1,1
TRAIN068,Topcon,..\RETOUCHdata\Topcon\TRAIN068,111,0,0,0
TRAIN064,Topcon,..\RETOUCHdata\Topcon\TRAIN064,40,0,0,0
TRAIN064,Topcon,..\RETOUCHdata\Topcon\TRAIN064,10,0,0,0
TRAIN012,Cirrus,..\RETOUCHdata\Cirrus\TRAIN012,2,0,0,0
TRAIN064,Topcon,..\RETOUCHdata\Topcon\TRAIN064,67,1,0,0
TRAIN012,Cirrus,..\RETOUCHdata\Cirrus\TRAIN012,116,0,0,0
TRAIN063,Topcon,..\RETOUCHdata\Topcon\TRAIN063,126,0,1,1
TRAIN048,Spectralis,..\RETOUCHdata\Spectralis\TRAIN048,46,1,0,0
TRAIN002,Cirrus,..\RETOUCHdata\Cirrus\TRAIN002,14,0,0,0
TRAIN016,Cirrus,..\RETOUCHdata\Cirrus\TRAIN016,13,0,0,0
TRAIN064,Topcon,..\RETOUCHdata\Topcon\TRAIN064,30,0,0,0
TRAIN068,Topcon,..\RETOUCHdata\Topcon\TRAIN068,2,0,0,0
TRAIN064,Topcon,..\RETOUCHdata\Topcon\TRAIN064,14,0,0,0
TRAIN068,Topcon,..\RETOUCHdata\Topcon\TRAIN068,54,1,0,0
TRAIN014,Cirrus,..\RETOUCHdata\Cirrus\TRAIN014,56,0,1,1
TRAIN016,Cirrus,..\RETOUCHdata\Cirrus\TRAIN016,19,0,0,0
TRAIN064,Topcon,..\RETOUCHdata\Topcon\TRAIN064,92,0,0,0
TRAIN002,Cirrus,..\RETOUCHdata\Cirrus\TRAIN002,98,1,0,0
TRAIN063,Topcon,..\RETOUCHdata\Topcon\TRAIN063,51,0,0,1
TRAIN002,Cirrus,..\RETOUCHdata\Cirrus\TRAIN002,100,1,0,0
TRAIN067,Topcon,..\RETOUCHdata\Topcon\TRAIN067,41,1,0,0
TRAIN067,Topcon,..\RETOUCHdata\Topcon\TRAIN067,114,0,0,0
TRAIN002,Cirrus,..\RETOUCHdata\Cirrus\TRAIN002,84,1,0,0
TRAIN001,Cirrus,..\RETOUCHdata\Cirrus\TRAIN001,79,1,0,0
TRAIN002,Cirrus,..\RETOUCHdata\Cirrus\TRAIN002,20,0,0,0
TRAIN042,Spectralis,..\RETOUCHdata\Spectralis\TRAIN042,27,0,1,1
TRAIN063,Topcon,..\RETOUCHdata\Topcon\TRAIN063,118,0,1,1
TRAIN048,Spectralis,..\RETOUCHdata\Spectralis\TRAIN048,33,1,0,0
TRAIN027,Spectralis,..\RETOUCHdata\Spectralis\TRAIN027,31,1,0,0
TRAIN064,Topcon,..\RETOUCHdata\Topcon\TRAIN064,47,0,0,0
TRAIN016,Cirrus,..\RETOUCHdata\Cirrus\TRAIN016,43,1,0,0
TRAIN048,Spectralis,..\RETOUCHdata\Spectralis\TRAIN048,28,1,0,0
TRAIN002,Cirrus,..\RETOUCHdata\Cirrus\TRAIN002,5,0,0,0
TRAIN064,Topcon,..\RETOUCHdata\Topcon\TRAIN064,2,0,0,0
TRAIN042,Spectralis,..\RETOUCHdata\Spectralis\TRAIN042,36,0,1,1
TRAIN014,Cirrus,..\RETOUCHdata\Cirrus\TRAIN014,24,0,0,0
TRAIN063,Topcon,..\RETOUCHdata\Topcon\TRAIN063,33,0,0,0
TRAIN014,Cirrus,..\RETOUCHdata\Cirrus\TRAIN014,123,0,0,0
TRAIN064,Topcon,..\RETOUCHdata\Topcon\TRAIN064,73,0,0,0
TRAIN014,Cirrus,..\RETOUCHdata\Cirrus\TRAIN014,120,0,0,0
TRAIN063,Topcon,..\RETOUCHdata\Topcon\TRAIN063,37,0,0,0
TRAIN012,Cirrus,..\RETOUCHdata\Cirrus\TRAIN012,91,0,1,1
TRAIN014,Cirrus,..\RETOUCHdata\Cirrus\TRAIN014,2,0,0,0
TRAIN001,Cirrus,..\RETOUCHdata\Cirrus\TRAIN001,0,0,0,0
TRAIN012,Cirrus,..\RETOUCHdata\Cirrus\TRAIN012,104,0,1,0
TRAIN042,Spectralis,..\RETOUCHdata\Spectralis\TRAIN042,41,0,1,1
TRAIN068,Topcon,..\RETOUCHdata\Topcon\TRAIN068,46,1,0,0
TRAIN014,Cirrus,..\RETOUCHdata\Cirrus\TRAIN014,91,0,1,0
TRAIN067,Topcon,..\RETOUCHdata\Topcon\TRAIN067,42,1,0,0
TRAIN001,Cirrus,..\RETOUCHdata\Cirrus\TRAIN001,57,1,1,0
TRAIN016,Cirrus,..\RETOUCHdata\Cirrus\TRAIN016,125,1,0,0
TRAIN067,Topcon,..\RETOUCHdata\Topcon\TRAIN067,68,1,0,0
TRAIN063,Topcon,..\RETOUCHdata\Topcon\TRAIN063,77,0,1,0
TRAIN062,Topcon,..\RETOUCHdata\Topcon\TRAIN062,24,1,0,0
TRAIN002,Cirrus,..\RETOUCHdata\Cirrus\TRAIN002,44,0,0,0
TRAIN014,Cirrus,..\RETOUCHdata\Cirrus\TRAIN014,66,0,1,1
TRAIN001,Cirrus,..\RETOUCHdata\Cirrus\TRAIN001,125,0,0,0
TRAIN062,Topcon,..\RETOUCHdata\Topcon\TRAIN062,49,0,0,0
TRAIN016,Cirrus,..\RETOUCHdata\Cirrus\TRAIN016,18,0,0,0
TRAIN048,Spectralis,..\RETOUCHdata\Spectralis\TRAIN048,21,1,0,0
TRAIN033,Spectralis,..\RETOUCHdata\Spectralis\TRAIN033,24,1,0,1
TRAIN001,Cirrus,..\RETOUCHdata\Cirrus\TRAIN001,90,1,0,0
TRAIN068,Topcon,..\RETOUCHdata\Topcon\TRAIN068,79,1,0,0
TRAIN002,Cirrus,..\RETOUCHdata\Cirrus\TRAIN002,53,0,0,0
TRAIN048,Spectralis,..\RETOUCHdata\Spectralis\TRAIN048,39,1,0,0
TRAIN064,Topcon,..\RETOUCHdata\Topcon\TRAIN064,74,0,0,0
TRAIN039,Spectralis,..\RETOUCHdata\Spectralis\TRAIN039,48,0,0,0
TRAIN014,Cirrus,..\RETOUCHdata\Cirrus\TRAIN014,30,0,0,0
TRAIN002,Cirrus,..\RETOUCHdata\Cirrus\TRAIN002,123,0,0,0
TRAIN001,Cirrus,..\RETOUCHdata\Cirrus\TRAIN001,69,1,0,0
TRAIN042,Spectralis,..\RETOUCHdata\Spectralis\TRAIN042,16,0,1,1
TRAIN002,Cirrus,..\RETOUCHdata\Cirrus\TRAIN002,3,0,0,0
TRAIN012,Cirrus,..\RETOUCHdata\Cirrus\TRAIN012,44,0,1,1
TRAIN063,Topcon,..\RETOUCHdata\Topcon\TRAIN063,29,0,0,0
TRAIN012,Cirrus,..\RETOUCHdata\Cirrus\TRAIN012,70,0,1,1
TRAIN068,Topcon,..\RETOUCHdata\Topcon\TRAIN068,93,1,0,0
TRAIN064,Topcon,..\RETOUCHdata\Topcon\TRAIN064,6,0,0,0
TRAIN014,Cirrus,..\RETOUCHdata\Cirrus\TRAIN014,115,0,0,0
TRAIN063,Topcon,..\RETOUCHdata\Topcon\TRAIN063,19,0,0,0
TRAIN042,Spectralis,..\RETOUCHdata\Spectralis\TRAIN042,45,0,1,0
TRAIN012,Cirrus,..\RETOUCHdata\Cirrus\TRAIN012,108,0,0,0
TRAIN014,Cirrus,..\RETOUCHdata\Cirrus\TRAIN014,111,0,0,0
TRAIN068,Topcon,..\RETOUCHdata\Topcon\TRAIN068,26,0,0,0
TRAIN012,Cirrus,..\RETOUCHdata\Cirrus\TRAIN012,82,0,1,1
TRAIN014,Cirrus,..\RETOUCHdata\Cirrus\TRAIN014,37,0,1,0
TRAIN002,Cirrus,..\RETOUCHdata\Cirrus\TRAIN002,36,0,0,0
TRAIN001,Cirrus,..\RETOUCHdata\Cirrus\TRAIN001,28,1,0,0
TRAIN016,Cirrus,..\RETOUCHdata\Cirrus\TRAIN016,4,0,0,0
TRAIN002,Cirrus,..\RETOUCHdata\Cirrus\TRAIN002,65,1,1,0
TRAIN067,Topcon,..\RETOUCHdata\Topcon\TRAIN067,45,1,0,0
TRAIN067,Topcon,..\RETOUCHdata\Topcon\TRAIN067,121,0,0,0
TRAIN067,Topcon,..\RETOUCHdata\Topcon\TRAIN067,120,0,0,0
TRAIN002,Cirrus,..\RETOUCHdata\Cirrus\TRAIN002,41,0,0,0
TRAIN002,Cirrus,..\RETOUCHdata\Cirrus\TRAIN002,39,0,0,0
TRAIN027,Spectralis,..\RETOUCHdata\Spectralis\TRAIN027,12,1,0,0
TRAIN002,Cirrus,..\RETOUCHdata\Cirrus\TRAIN002,45,0,0,0
TRAIN016,Cirrus,..\RETOUCHdata\Cirrus\TRAIN016,6,0,0,0
TRAIN064,Topcon,..\RETOUCHdata\Topcon\TRAIN064,104,0,0,0
TRAIN064,Topcon,..\RETOUCHdata\Topcon\TRAIN064,72,0,0,0
TRAIN062,Topcon,..\RETOUCHdata\Topcon\TRAIN062,27,0,0,0
TRAIN014,Cirrus,..\RETOUCHdata\Cirrus\TRAIN014,107,0,0,0
TRAIN001,Cirrus,..\RETOUCHdata\Cirrus\TRAIN001,73,1,0,0
TRAIN067,Topcon,..\RETOUCHdata\Topcon\TRAIN067,14,0,0,0
TRAIN016,Cirrus,..\RETOUCHdata\Cirrus\TRAIN016,75,1,0,0
TRAIN039,Spectralis,..\RETOUCHdata\Spectralis\TRAIN039,12,1,0,0
TRAIN027,Spectralis,..\RETOUCHdata\Spectralis\TRAIN027,17,1,0,0
TRAIN048,Spectralis,..\RETOUCHdata\Spectralis\TRAIN048,6,0,0,0
TRAIN002,Cirrus,..\RETOUCHdata\Cirrus\TRAIN002,106,1,0,0
TRAIN033,Spectralis,..\RETOUCHdata\Spectralis\TRAIN033,43,0,0,0
TRAIN002,Cirrus,..\RETOUCHdata\Cirrus\TRAIN002,86,1,0,0
TRAIN002,Cirrus,..\RETOUCHdata\Cirrus\TRAIN002,34,0,0,0
TRAIN002,Cirrus,..\RETOUCHdata\Cirrus\TRAIN002,4,0,0,0
TRAIN064,Topcon,..\RETOUCHdata\Topcon\TRAIN064,21,0,0,0
TRAIN002,Cirrus,..\RETOUCHdata\Cirrus\TRAIN002,94,1,0,0
TRAIN067,Topcon,..\RETOUCHdata\Topcon\TRAIN067,107,0,0,0
TRAIN002,Cirrus,..\RETOUCHdata\Cirrus\TRAIN002,57,1,0,0
TRAIN001,Cirrus,..\RETOUCHdata\Cirrus\TRAIN001,41,1,0,0
TRAIN033,Spectralis,..\RETOUCHdata\Spectralis\TRAIN033,3,0,1,0
TRAIN001,Cirrus,..\RETOUCHdata\Cirrus\TRAIN001,108,0,0,0
TRAIN001,Cirrus,..\RETOUCHdata\Cirrus\TRAIN001,38,1,0,0
TRAIN016,Cirrus,..\RETOUCHdata\Cirrus\TRAIN016,56,1,0,0
TRAIN062,Topcon,..\RETOUCHdata\Topcon\TRAIN062,62,0,0,0
TRAIN067,Topcon,..\RETOUCHdata\Topcon\TRAIN067,28,0,0,0
TRAIN068,Topcon,..\RETOUCHdata\Topcon\TRAIN068,70,1,1,0
TRAIN014,Cirrus,..\RETOUCHdata\Cirrus\TRAIN014,99,0,0,0
TRAIN014,Cirrus,..\RETOUCHdata\Cirrus\TRAIN014,84,0,1,1
TRAIN062,Topcon,..\RETOUCHdata\Topcon\TRAIN062,5,1,0,0
TRAIN001,Cirrus,..\RETOUCHdata\Cirrus\TRAIN001,24,1,0,0
TRAIN063,Topcon,..\RETOUCHdata\Topcon\TRAIN063,13,0,0,0
TRAIN064,Topcon,..\RETOUCHdata\Topcon\TRAIN064,23,0,0,0
TRAIN001,Cirrus,..\RETOUCHdata\Cirrus\TRAIN001,68,1,0,0
TRAIN048,Spectralis,..\RETOUCHdata\Spectralis\TRAIN048,48,1,0,0
TRAIN067,Topcon,..\RETOUCHdata\Topcon\TRAIN067,26,0,0,0
TRAIN012,Cirrus,..\RETOUCHdata\Cirrus\TRAIN012,110,0,0,0
TRAIN014,Cirrus,..\RETOUCHdata\Cirrus\TRAIN014,121,0,0,0
TRAIN048,Spectralis,..\RETOUCHdata\Spectralis\TRAIN048,14,0,0,0
TRAIN067,Topcon,..\RETOUCHdata\Topcon\TRAIN067,76,1,0,0
TRAIN012,Cirrus,..\RETOUCHdata\Cirrus\TRAIN012,127,0,0,0
TRAIN033,Spectralis,..\RETOUCHdata\Spectralis\TRAIN033,45,0,0,0
TRAIN033,Spectralis,..\RETOUCHdata\Spectralis\TRAIN033,28,1,1,1
TRAIN067,Topcon,..\RETOUCHdata\Topcon\TRAIN067,95,0,0,0
TRAIN014,Cirrus,..\RETOUCHdata\Cirrus\TRAIN014,70,0,1,1
TRAIN012,Cirrus,..\RETOUCHdata\Cirrus\TRAIN012,8,0,0,0
TRAIN001,Cirrus,..\RETOUCHdata\Cirrus\TRAIN001,75,1,0,0
TRAIN062,Topcon,..\RETOUCHdata\Topcon\TRAIN062,29,0,0,0
TRAIN002,Cirrus,..\RETOUCHdata\Cirrus\TRAIN002,104,1,0,0
TRAIN014,Cirrus,..\RETOUCHdata\Cirrus\TRAIN014,60,0,1,1
TRAIN014,Cirrus,..\RETOUCHdata\Cirrus\TRAIN014,11,0,0,0
TRAIN016,Cirrus,..\RETOUCHdata\Cirrus\TRAIN016,99,1,0,0
TRAIN002,Cirrus,..\RETOUCHdata\Cirrus\TRAIN002,48,0,0,0
TRAIN001,Cirrus,..\RETOUCHdata\Cirrus\TRAIN001,18,0,0,0
TRAIN067,Topcon,..\RETOUCHdata\Topcon\TRAIN067,72,1,0,0
TRAIN063,Topcon,..\RETOUCHdata\Topcon\TRAIN063,80,0,1,1
TRAIN012,Cirrus,..\RETOUCHdata\Cirrus\TRAIN012,85,0,1,1
TRAIN064,Topcon,..\RETOUCHdata\Topcon\TRAIN064,20,0,0,0
TRAIN048,Spectralis,..\RETOUCHdata\Spectralis\TRAIN048,43,1,0,0
TRAIN016,Cirrus,..\RETOUCHdata\Cirrus\TRAIN016,83,1,0,0
TRAIN001,Cirrus,..\RETOUCHdata\Cirrus\TRAIN001,61,1,1,0
TRAIN067,Topcon,..\RETOUCHdata\Topcon\TRAIN067,22,0,0,0
TRAIN012,Cirrus,..\RETOUCHdata\Cirrus\TRAIN012,16,0,0,0
TRAIN064,Topcon,..\RETOUCHdata\Topcon\TRAIN064,99,0,0,0
TRAIN048,Spectralis,..\RETOUCHdata\Spectralis\TRAIN048,36,1,0,0
TRAIN064,Topcon,..\RETOUCHdata\Topcon\TRAIN064,13,0,0,0
TRAIN068,Topcon,..\RETOUCHdata\Topcon\TRAIN068,37,0,0,0
TRAIN012,Cirrus,..\RETOUCHdata\Cirrus\TRAIN012,22,0,0,0
TRAIN064,Topcon,..\RETOUCHdata\Topcon\TRAIN064,51,0,0,0
TRAIN033,Spectralis,..\RETOUCHdata\Spectralis\TRAIN033,5,0,1,0
TRAIN012,Cirrus,..\RETOUCHdata\Cirrus\TRAIN012,112,0,0,0
TRAIN068,Topcon,..\RETOUCHdata\Topcon\TRAIN068,12,0,0,0
TRAIN001,Cirrus,..\RETOUCHdata\Cirrus\TRAIN001,36,1,0,0
TRAIN033,Spectralis,..\RETOUCHdata\Spectralis\TRAIN033,46,0,0,0
TRAIN068,Topcon,..\RETOUCHdata\Topcon\TRAIN068,78,1,0,0
TRAIN027,Spectralis,..\RETOUCHdata\Spectralis\TRAIN027,22,1,1,0
TRAIN067,Topcon,..\RETOUCHdata\Topcon\TRAIN067,80,1,0,0
TRAIN067,Topcon,..\RETOUCHdata\Topcon\TRAIN067,111,0,0,0
TRAIN063,Topcon,..\RETOUCHdata\Topcon\TRAIN063,28,0,0,0
TRAIN016,Cirrus,..\RETOUCHdata\Cirrus\TRAIN016,35,1,0,0
TRAIN064,Topcon,..\RETOUCHdata\Topcon\TRAIN064,84,0,0,0
TRAIN027,Spectralis,..\RETOUCHdata\Spectralis\TRAIN027,48,0,0,0
TRAIN039,Spectralis,..\RETOUCHdata\Spectralis\TRAIN039,0,1,0,0
TRAIN002,Cirrus,..\RETOUCHdata\Cirrus\TRAIN002,63,1,0,0
TRAIN062,Topcon,..\RETOUCHdata\Topcon\TRAIN062,34,0,0,0
TRAIN014,Cirrus,..\RETOUCHdata\Cirrus\TRAIN014,72,0,1,1
TRAIN048,Spectralis,..\RETOUCHdata\Spectralis\TRAIN048,32,1,0,0
TRAIN014,Cirrus,..\RETOUCHdata\Cirrus\TRAIN014,9,0,0,0
TRAIN027,Spectralis,..\RETOUCHdata\Spectralis\TRAIN027,35,1,0,0
TRAIN039,Spectralis,..\RETOUCHdata\Spectralis\TRAIN039,22,1,0,0
TRAIN068,Topcon,..\RETOUCHdata\Topcon\TRAIN068,103,0,0,0
TRAIN033,Spectralis,..\RETOUCHdata\Spectralis\TRAIN033,39,0,0,0
TRAIN014,Cirrus,..\RETOUCHdata\Cirrus\TRAIN014,35,0,1,0
TRAIN012,Cirrus,..\RETOUCHdata\Cirrus\TRAIN012,119,0,0,0
TRAIN014,Cirrus,..\RETOUCHdata\Cirrus\TRAIN014,28,0,0,0
TRAIN001,Cirrus,..\RETOUCHdata\Cirrus\TRAIN001,74,1,0,0
TRAIN068,Topcon,..\RETOUCHdata\Topcon\TRAIN068,33,0,0,0
TRAIN064,Topcon,..\RETOUCHdata\Topcon\TRAIN064,64,1,0,0
TRAIN014,Cirrus,..\RETOUCHdata\Cirrus\TRAIN014,116,0,0,0
TRAIN042,Spectralis,..\RETOUCHdata\Spectralis\TRAIN042,38,0,1,1
TRAIN002,Cirrus,..\RETOUCHdata\Cirrus\TRAIN002,67,1,1,0
TRAIN068,Topcon,..\RETOUCHdata\Topcon\TRAIN068,127,0,0,0
TRAIN016,Cirrus,..\RETOUCHdata\Cirrus\TRAIN016,104,1,0,0
TRAIN001,Cirrus,..\RETOUCHdata\Cirrus\TRAIN001,114,0,0,0
TRAIN014,Cirrus,..\RETOUCHdata\Cirrus\TRAIN014,33,0,1,0
TRAIN016,Cirrus,..\RETOUCHdata\Cirrus\TRAIN016,89,1,0,0
TRAIN063,Topcon,..\RETOUCHdata\Topcon\TRAIN063,20,0,0,0
TRAIN062,Topcon,..\RETOUCHdata\Topcon\TRAIN062,36,0,0,0
TRAIN016,Cirrus,..\RETOUCHdata\Cirrus\TRAIN016,92,1,0,0
TRAIN068,Topcon,..\RETOUCHdata\Topcon\TRAIN068,115,0,0,0
TRAIN001,Cirrus,..\RETOUCHdata\Cirrus\TRAIN001,89,1,0,0
TRAIN048,Spectralis,..\RETOUCHdata\Spectralis\TRAIN048,12,0,0,0
TRAIN064,Topcon,..\RETOUCHdata\Topcon\TRAIN064,37,0,0,0
TRAIN068,Topcon,..\RETOUCHdata\Topcon\TRAIN068,62,1,0,0
TRAIN039,Spectralis,..\RETOUCHdata\Spectralis\TRAIN039,15,1,0,0
TRAIN014,Cirrus,..\RETOUCHdata\Cirrus\TRAIN014,114,0,0,0
TRAIN001,Cirrus,..\RETOUCHdata\Cirrus\TRAIN001,11,0,0,0
TRAIN014,Cirrus,..\RETOUCHdata\Cirrus\TRAIN014,12,0,0,0
TRAIN012,Cirrus,..\RETOUCHdata\Cirrus\TRAIN012,28,0,1,0
TRAIN033,Spectralis,..\RETOUCHdata\Spectralis\TRAIN033,1,0,0,0
TRAIN064,Topcon,..\RETOUCHdata\Topcon\TRAIN064,120,0,0,0
TRAIN068,Topcon,..\RETOUCHdata\Topcon\TRAIN068,34,0,0,0
TRAIN033,Spectralis,..\RETOUCHdata\Spectralis\TRAIN033,0,0,0,0
TRAIN048,Spectralis,..\RETOUCHdata\Spectralis\TRAIN048,15,0,0,0
TRAIN002,Cirrus,..\RETOUCHdata\Cirrus\TRAIN002,31,0,0,0
TRAIN062,Topcon,..\RETOUCHdata\Topcon\TRAIN062,10,1,0,0
TRAIN064,Topcon,..\RETOUCHdata\Topcon\TRAIN064,115,0,0,0
TRAIN012,Cirrus,..\RETOUCHdata\Cirrus\TRAIN012,1,0,0,0
TRAIN012,Cirrus,..\RETOUCHdata\Cirrus\TRAIN012,79,0,1,1
TRAIN068,Topcon,..\RETOUCHdata\Topcon\TRAIN068,38,0,0,0
TRAIN063,Topcon,..\RETOUCHdata\Topcon\TRAIN063,90,0,1,0
TRAIN016,Cirrus,..\RETOUCHdata\Cirrus\TRAIN016,3,0,0,0
TRAIN063,Topcon,..\RETOUCHdata\Topcon\TRAIN063,66,0,1,1
TRAIN039,Spectralis,..\RETOUCHdata\Spectralis\TRAIN039,30,1,0,0
TRAIN067,Topcon,..\RETOUCHdata\Topcon\TRAIN067,87,1,0,0
TRAIN039,Spectralis,..\RETOUCHdata\Spectralis\TRAIN039,23,1,0,0
TRAIN063,Topcon,..\RETOUCHdata\Topcon\TRAIN063,125,0,1,1
TRAIN016,Cirrus,..\RETOUCHdata\Cirrus\TRAIN016,9,0,0,0
TRAIN001,Cirrus,..\RETOUCHdata\Cirrus\TRAIN001,22,1,0,0
TRAIN012,Cirrus,..\RETOUCHdata\Cirrus\TRAIN012,100,0,1,0
TRAIN068,Topcon,..\RETOUCHdata\Topcon\TRAIN068,118,0,0,0
TRAIN012,Cirrus,..\RETOUCHdata\Cirrus\TRAIN012,84,0,1,1
TRAIN014,Cirrus,..\RETOUCHdata\Cirrus\TRAIN014,47,0,1,1
TRAIN014,Cirrus,..\RETOUCHdata\Cirrus\TRAIN014,89,0,1,0
TRAIN002,Cirrus,..\RETOUCHdata\Cirrus\TRAIN002,89,1,0,0
TRAIN062,Topcon,..\RETOUCHdata\Topcon\TRAIN062,26,0,0,0
TRAIN064,Topcon,..\RETOUCHdata\Topcon\TRAIN064,95,0,0,0
TRAIN063,Topcon,..\RETOUCHdata\Topcon\TRAIN063,62,0,1,1
TRAIN068,Topcon,..\RETOUCHdata\Topcon\TRAIN068,87,1,0,0
TRAIN001,Cirrus,..\RETOUCHdata\Cirrus\TRAIN001,93,1,0,0
TRAIN063,Topcon,..\RETOUCHdata\Topcon\TRAIN063,59,0,1,1
TRAIN033,Spectralis,..\RETOUCHdata\Spectralis\TRAIN033,7,0,1,0
TRAIN063,Topcon,..\RETOUCHdata\Topcon\TRAIN063,47,0,0,1
TRAIN002,Cirrus,..\RETOUCHdata\Cirrus\TRAIN002,25,0,0,0
TRAIN067,Topcon,..\RETOUCHdata\Topcon\TRAIN067,102,0,0,0
TRAIN068,Topcon,..\RETOUCHdata\Topcon\TRAIN068,125,0,0,0
TRAIN042,Spectralis,..\RETOUCHdata\Spectralis\TRAIN042,2,0,0,0
TRAIN016,Cirrus,..\RETOUCHdata\Cirrus\TRAIN016,68,1,0,0
TRAIN033,Spectralis,..\RETOUCHdata\Spectralis\TRAIN033,14,0,1,1
TRAIN067,Topcon,..\RETOUCHdata\Topcon\TRAIN067,20,0,0,0
TRAIN014,Cirrus,..\RETOUCHdata\Cirrus\TRAIN014,103,0,0,0
TRAIN016,Cirrus,..\RETOUCHdata\Cirrus\TRAIN016,47,1,0,0
TRAIN042,Spectralis,..\RETOUCHdata\Spectralis\TRAIN042,14,0,1,1
TRAIN016,Cirrus,..\RETOUCHdata\Cirrus\TRAIN016,0,0,0,0
TRAIN016,Cirrus,..\RETOUCHdata\Cirrus\TRAIN016,121,1,0,0
TRAIN067,Topcon,..\RETOUCHdata\Topcon\TRAIN067,97,0,0,0
TRAIN042,Spectralis,..\RETOUCHdata\Spectralis\TRAIN042,3,0,0,0
TRAIN001,Cirrus,..\RETOUCHdata\Cirrus\TRAIN001,116,0,0,0
TRAIN039,Spectralis,..\RETOUCHdata\Spectralis\TRAIN039,2,1,0,0
TRAIN042,Spectralis,..\RETOUCHdata\Spectralis\TRAIN042,43,0,1,0
TRAIN001,Cirrus,..\RETOUCHdata\Cirrus\TRAIN001,119,0,0,0
TRAIN027,Spectralis,..\RETOUCHdata\Spectralis\TRAIN027,16,1,0,0
TRAIN016,Cirrus,..\RETOUCHdata\Cirrus\TRAIN016,123,1,0,0
TRAIN012,Cirrus,..\RETOUCHdata\Cirrus\TRAIN012,113,0,0,0
TRAIN012,Cirrus,..\RETOUCHdata\Cirrus\TRAIN012,12,0,0,0
TRAIN027,Spectralis,..\RETOUCHdata\Spectralis\TRAIN027,15,1,0,0
TRAIN062,Topcon,..\RETOUCHdata\Topcon\TRAIN062,50,0,0,0
TRAIN042,Spectralis,..\RETOUCHdata\Spectralis\TRAIN042,35,0,1,1
TRAIN048,Spectralis,..\RETOUCHdata\Spectralis\TRAIN048,30,1,0,0
TRAIN001,Cirrus,..\RETOUCHdata\Cirrus\TRAIN001,46,1,0,0
TRAIN067,Topcon,..\RETOUCHdata\Topcon\TRAIN067,82,0,0,0
TRAIN063,Topcon,..\RETOUCHdata\Topcon\TRAIN063,42,0,0,0
TRAIN048,Spectralis,..\RETOUCHdata\Spectralis\TRAIN048,40,1,0,0
TRAIN039,Spectralis,..\RETOUCHdata\Spectralis\TRAIN039,35,0,0,0
TRAIN001,Cirrus,..\RETOUCHdata\Cirrus\TRAIN001,4,0,0,0
TRAIN063,Topcon,..\RETOUCHdata\Topcon\TRAIN063,54,0,1,0
TRAIN067,Topcon,..\RETOUCHdata\Topcon\TRAIN067,63,1,0,0
TRAIN012,Cirrus,..\RETOUCHdata\Cirrus\TRAIN012,7,0,0,0
TRAIN068,Topcon,..\RETOUCHdata\Topcon\TRAIN068,27,0,0,0
TRAIN068,Topcon,..\RETOUCHdata\Topcon\TRAIN068,1,0,0,0
TRAIN014,Cirrus,..\RETOUCHdata\Cirrus\TRAIN014,59,0,1,1
TRAIN063,Topcon,..\RETOUCHdata\Topcon\TRAIN063,53,0,0,0
TRAIN064,Topcon,..\RETOUCHdata\Topcon\TRAIN064,0,0,0,0
TRAIN048,Spectralis,..\RETOUCHdata\Spectralis\TRAIN048,1,0,0,0
TRAIN067,Topcon,..\RETOUCHdata\Topcon\TRAIN067,99,0,0,0
TRAIN012,Cirrus,..\RETOUCHdata\Cirrus\TRAIN012,48,0,1,1
TRAIN067,Topcon,..\RETOUCHdata\Topcon\TRAIN067,6,0,0,0
TRAIN012,Cirrus,..\RETOUCHdata\Cirrus\TRAIN012,57,0,1,1
TRAIN002,Cirrus,..\RETOUCHdata\Cirrus\TRAIN002,21,0,0,0
TRAIN016,Cirrus,..\RETOUCHdata\Cirrus\TRAIN016,62,1,0,0
TRAIN001,Cirrus,..\RETOUCHdata\Cirrus\TRAIN001,50,1,0,0
TRAIN064,Topcon,..\RETOUCHdata\Topcon\TRAIN064,63,1,0,0
TRAIN033,Spectralis,..\RETOUCHdata\Spectralis\TRAIN033,37,1,0,0
TRAIN042,Spectralis,..\RETOUCHdata\Spectralis\TRAIN042,46,0,1,0
TRAIN064,Topcon,..\RETOUCHdata\Topcon\TRAIN064,38,0,0,0
TRAIN014,Cirrus,..\RETOUCHdata\Cirrus\TRAIN014,86,0,1,1
TRAIN063,Topcon,..\RETOUCHdata\Topcon\TRAIN063,22,0,0,0
TRAIN027,Spectralis,..\RETOUCHdata\Spectralis\TRAIN027,13,1,0,0
TRAIN014,Cirrus,..\RETOUCHdata\Cirrus\TRAIN014,15,0,0,0
TRAIN014,Cirrus,..\RETOUCHdata\Cirrus\TRAIN014,127,0,0,0
TRAIN012,Cirrus,..\RETOUCHdata\Cirrus\TRAIN012,64,0,1,1
TRAIN001,Cirrus,..\RETOUCHdata\Cirrus\TRAIN001,19,1,0,0
TRAIN027,Spectralis,..\RETOUCHdata\Spectralis\TRAIN027,44,0,0,0
TRAIN001,Cirrus,..\RETOUCHdata\Cirrus\TRAIN001,35,1,0,0
TRAIN062,Topcon,..\RETOUCHdata\Topcon\TRAIN062,17,1,0,0
TRAIN042,Spectralis,..\RETOUCHdata\Spectralis\TRAIN042,40,0,1,1
TRAIN067,Topcon,..\RETOUCHdata\Topcon\TRAIN067,104,0,0,0
TRAIN014,Cirrus,..\RETOUCHdata\Cirrus\TRAIN014,23,0,0,0
TRAIN062,Topcon,..\RETOUCHdata\Topcon\TRAIN062,35,0,0,0
TRAIN016,Cirrus,..\RETOUCHdata\Cirrus\TRAIN016,25,0,0,0
TRAIN039,Spectralis,..\RETOUCHdata\Spectralis\TRAIN039,20,1,0,0
TRAIN063,Topcon,..\RETOUCHdata\Topcon\TRAIN063,113,0,1,0
TRAIN002,Cirrus,..\RETOUCHdata\Cirrus\TRAIN002,117,1,0,0
TRAIN064,Topcon,..\RETOUCHdata\Topcon\TRAIN064,50,0,0,0
TRAIN039,Spectralis,..\RETOUCHdata\Spectralis\TRAIN039,46,0,0,0
TRAIN014,Cirrus,..\RETOUCHdata\Cirrus\TRAIN014,105,0,0,0
TRAIN002,Cirrus,..\RETOUCHdata\Cirrus\TRAIN002,26,0,0,0
TRAIN063,Topcon,..\RETOUCHdata\Topcon\TRAIN063,12,0,0,0
TRAIN048,Spectralis,..\RETOUCHdata\Spectralis\TRAIN048,17,0,0,0
TRAIN016,Cirrus,..\RETOUCHdata\Cirrus\TRAIN016,113,1,0,0
TRAIN027,Spectralis,..\RETOUCHdata\Spectralis\TRAIN027,45,0,0,0
TRAIN016,Cirrus,..\RETOUCHdata\Cirrus\TRAIN016,57,1,0,0
TRAIN068,Topcon,..\RETOUCHdata\Topcon\TRAIN068,66,1,1,0
TRAIN001,Cirrus,..\RETOUCHdata\Cirrus\TRAIN001,17,1,0,0
TRAIN001,Cirrus,..\RETOUCHdata\Cirrus\TRAIN001,127,0,0,0
TRAIN062,Topcon,..\RETOUCHdata\Topcon\TRAIN062,42,0,0,0
TRAIN063,Topcon,..\RETOUCHdata\Topcon\TRAIN063,31,0,0,0
TRAIN068,Topcon,..\RETOUCHdata\Topcon\TRAIN068,98,0,0,0
TRAIN002,Cirrus,..\RETOUCHdata\Cirrus\TRAIN002,62,1,0,0
TRAIN064,Topcon,..\RETOUCHdata\Topcon\TRAIN064,62,1,0,0
TRAIN063,Topcon,..\RETOUCHdata\Topcon\TRAIN063,43,0,0,0
TRAIN068,Topcon,..\RETOUCHdata\Topcon\TRAIN068,92,1,0,0
TRAIN067,Topcon,..\RETOUCHdata\Topcon\TRAIN067,13,0,0,0
TRAIN016,Cirrus,..\RETOUCHdata\Cirrus\TRAIN016,94,1,0,0
TRAIN002,Cirrus,..\RETOUCHdata\Cirrus\TRAIN002,52,0,0,0
TRAIN012,Cirrus,..\RETOUCHdata\Cirrus\TRAIN012,45,0,1,1
TRAIN014,Cirrus,..\RETOUCHdata\Cirrus\TRAIN014,112,0,0,0
TRAIN067,Topcon,..\RETOUCHdata\Topcon\TRAIN067,53,1,0,0
TRAIN067,Topcon,..\RETOUCHdata\Topcon\TRAIN067,17,0,0,0
TRAIN064,Topcon,..\RETOUCHdata\Topcon\TRAIN064,127,0,0,0
TRAIN016,Cirrus,..\RETOUCHdata\Cirrus\TRAIN016,5,0,0,0
TRAIN063,Topcon,..\RETOUCHdata\Topcon\TRAIN063,120,0,1,1
TRAIN014,Cirrus,..\RETOUCHdata\Cirrus\TRAIN014,92,0,1,0
TRAIN002,Cirrus,..\RETOUCHdata\Cirrus\TRAIN002,29,0,0,0
TRAIN001,Cirrus,..\RETOUCHdata\Cirrus\TRAIN001,16,1,0,0
TRAIN063,Topcon,..\RETOUCHdata\Topcon\TRAIN063,123,0,1,1
TRAIN016,Cirrus,..\RETOUCHdata\Cirrus\TRAIN016,34,1,0,0
TRAIN027,Spectralis,..\RETOUCHdata\Spectralis\TRAIN027,18,1,0,0
TRAIN064,Topcon,..\RETOUCHdata\Topcon\TRAIN064,116,0,0,0
TRAIN063,Topcon,..\RETOUCHdata\Topcon\TRAIN063,70,0,1,0
TRAIN067,Topcon,..\RETOUCHdata\Topcon\TRAIN067,18,0,0,0
TRAIN063,Topcon,..\RETOUCHdata\Topcon\TRAIN063,10,0,0,0
TRAIN068,Topcon,..\RETOUCHdata\Topcon\TRAIN068,40,0,0,0
TRAIN012,Cirrus,..\RETOUCHdata\Cirrus\TRAIN012,27,0,1,0
TRAIN042,Spectralis,..\RETOUCHdata\Spectralis\TRAIN042,10,0,1,0
TRAIN002,Cirrus,..\RETOUCHdata\Cirrus\TRAIN002,97,1,0,0
TRAIN001,Cirrus,..\RETOUCHdata\Cirrus\TRAIN001,26,1,0,0
TRAIN014,Cirrus,..\RETOUCHdata\Cirrus\TRAIN014,53,0,1,1
TRAIN068,Topcon,..\RETOUCHdata\Topcon\TRAIN068,86,1,0,0
TRAIN002,Cirrus,..\RETOUCHdata\Cirrus\TRAIN002,101,1,0,0
TRAIN001,Cirrus,..\RETOUCHdata\Cirrus\TRAIN001,37,1,0,0
TRAIN039,Spectralis,..\RETOUCHdata\Spectralis\TRAIN039,11,1,0,0
TRAIN063,Topcon,..\RETOUCHdata\Topcon\TRAIN063,96,0,1,0
TRAIN014,Cirrus,..\RETOUCHdata\Cirrus\TRAIN014,85,0,1,1
TRAIN067,Topcon,..\RETOUCHdata\Topcon\TRAIN067,40,1,0,0
TRAIN068,Topcon,..\RETOUCHdata\Topcon\TRAIN068,101,0,0,0
TRAIN027,Spectralis,..\RETOUCHdata\Spectralis\TRAIN027,47,0,0,0
TRAIN068,Topcon,..\RETOUCHdata\Topcon\TRAIN068,10,0,0,0
TRAIN016,Cirrus,..\RETOUCHdata\Cirrus\TRAIN016,127,1,0,0
TRAIN067,Topcon,..\RETOUCHdata\Topcon\TRAIN067,56,1,0,0
TRAIN064,Topcon,..\RETOUCHdata\Topcon\TRAIN064,81,0,0,0
TRAIN067,Topcon,..\RETOUCHdata\Topcon\TRAIN067,12,0,0,0
TRAIN067,Topcon,..\RETOUCHdata\Topcon\TRAIN067,123,0,0,0
TRAIN042,Spectralis,..\RETOUCHdata\Spectralis\TRAIN042,13,0,1,1
TRAIN002,Cirrus,..\RETOUCHdata\Cirrus\TRAIN002,32,0,0,0
TRAIN063,Topcon,..\RETOUCHdata\Topcon\TRAIN063,7,0,0,0
TRAIN064,Topcon,..\RETOUCHdata\Topcon\TRAIN064,109,0,0,0
TRAIN042,Spectralis,..\RETOUCHdata\Spectralis\TRAIN042,34,0,1,1
TRAIN067,Topcon,..\RETOUCHdata\Topcon\TRAIN067,32,0,0,0
TRAIN048,Spectralis,..\RETOUCHdata\Spectralis\TRAIN048,41,1,0,0
TRAIN062,Topcon,..\RETOUCHdata\Topcon\TRAIN062,28,0,0,0
TRAIN002,Cirrus,..\RETOUCHdata\Cirrus\TRAIN002,24,0,0,0
TRAIN068,Topcon,..\RETOUCHdata\Topcon\TRAIN068,5,0,0,0
TRAIN014,Cirrus,..\RETOUCHdata\Cirrus\TRAIN014,125,0,0,0
TRAIN064,Topcon,..\RETOUCHdata\Topcon\TRAIN064,58,1,0,0
TRAIN067,Topcon,..\RETOUCHdata\Topcon\TRAIN067,46,1,0,0
TRAIN001,Cirrus,..\RETOUCHdata\Cirrus\TRAIN001,103,1,0,0
TRAIN016,Cirrus,..\RETOUCHdata\Cirrus\TRAIN016,74,1,0,0
TRAIN068,Topcon,..\RETOUCHdata\Topcon\TRAIN068,47,1,0,0
TRAIN064,Topcon,..\RETOUCHdata\Topcon\TRAIN064,66,1,0,0
TRAIN001,Cirrus,..\RETOUCHdata\Cirrus\TRAIN001,53,1,0,0
TRAIN002,Cirrus,..\RETOUCHdata\Cirrus\TRAIN002,23,0,0,0
TRAIN014,Cirrus,..\RETOUCHdata\Cirrus\TRAIN014,19,0,0,0
TRAIN068,Topcon,..\RETOUCHdata\Topcon\TRAIN068,83,1,0,0
TRAIN002,Cirrus,..\RETOUCHdata\Cirrus\TRAIN002,79,1,0,0
TRAIN068,Topcon,..\RETOUCHdata\Topcon\TRAIN068,48,1,0,0
TRAIN064,Topcon,..\RETOUCHdata\Topcon\TRAIN064,45,0,0,0
TRAIN001,Cirrus,..\RETOUCHdata\Cirrus\TRAIN001,8,0,0,0
TRAIN063,Topcon,..\RETOUCHdata\Topcon\TRAIN063,65,0,1,1
TRAIN067,Topcon,..\RETOUCHdata\Topcon\TRAIN067,103,0,0,0
TRAIN063,Topcon,..\RETOUCHdata\Topcon\TRAIN063,111,0,1,0
TRAIN014,Cirrus,..\RETOUCHdata\Cirrus\TRAIN014,68,0,1,1
TRAIN002,Cirrus,..\RETOUCHdata\Cirrus\TRAIN002,125,0,0,0
TRAIN062,Topcon,..\RETOUCHdata\Topcon\TRAIN062,11,1,0,0
TRAIN068,Topcon,..\RETOUCHdata\Topcon\TRAIN068,45,1,0,0
TRAIN048,Spectralis,..\RETOUCHdata\Spectralis\TRAIN048,44,1,0,0
TRAIN068,Topcon,..\RETOUCHdata\Topcon\TRAIN068,44,1,0,0
TRAIN016,Cirrus,..\RETOUCHdata\Cirrus\TRAIN016,111,1,0,0
TRAIN012,Cirrus,..\RETOUCHdata\Cirrus\TRAIN012,89,0,1,1
TRAIN067,Topcon,..\RETOUCHdata\Topcon\TRAIN067,48,1,0,0
TRAIN012,Cirrus,..\RETOUCHdata\Cirrus\TRAIN012,6,0,0,0
TRAIN002,Cirrus,..\RETOUCHdata\Cirrus\TRAIN002,22,0,0,0
TRAIN014,Cirrus,..\RETOUCHdata\Cirrus\TRAIN014,88,0,1,1
TRAIN027,Spectralis,..\RETOUCHdata\Spectralis\TRAIN027,0,0,0,0
TRAIN068,Topcon,..\RETOUCHdata\Topcon\TRAIN068,113,0,0,0
TRAIN068,Topcon,..\RETOUCHdata\Topcon\TRAIN068,41,0,0,0
TRAIN016,Cirrus,..\RETOUCHdata\Cirrus\TRAIN016,38,1,0,0
TRAIN062,Topcon,..\RETOUCHdata\Topcon\TRAIN062,43,0,0,0
TRAIN014,Cirrus,..\RETOUCHdata\Cirrus\TRAIN014,104,0,0,0
TRAIN067,Topcon,..\RETOUCHdata\Topcon\TRAIN067,116,0,0,0
TRAIN064,Topcon,..\RETOUCHdata\Topcon\TRAIN064,94,0,0,0
TRAIN002,Cirrus,..\RETOUCHdata\Cirrus\TRAIN002,18,0,0,0
TRAIN014,Cirrus,..\RETOUCHdata\Cirrus\TRAIN014,18,0,0,0
TRAIN063,Topcon,..\RETOUCHdata\Topcon\TRAIN063,5,0,0,0
TRAIN068,Topcon,..\RETOUCHdata\Topcon\TRAIN068,71,1,1,0
TRAIN027,Spectralis,..\RETOUCHdata\Spectralis\TRAIN027,19,1,1,0
TRAIN014,Cirrus,..\RETOUCHdata\Cirrus\TRAIN014,79,0,1,1
TRAIN002,Cirrus,..\RETOUCHdata\Cirrus\TRAIN002,58,1,0,0
TRAIN064,Topcon,..\RETOUCHdata\Topcon\TRAIN064,70,1,0,0
TRAIN067,Topcon,..\RETOUCHdata\Topcon\TRAIN067,19,0,0,0
TRAIN016,Cirrus,..\RETOUCHdata\Cirrus\TRAIN016,96,1,0,0
TRAIN002,Cirrus,..\RETOUCHdata\Cirrus\TRAIN002,15,0,0,0
TRAIN039,Spectralis,..\RETOUCHdata\Spectralis\TRAIN039,13,1,0,0
TRAIN063,Topcon,..\RETOUCHdata\Topcon\TRAIN063,32,0,0,0
TRAIN002,Cirrus,..\RETOUCHdata\Cirrus\TRAIN002,69,1,1,0
TRAIN048,Spectralis,..\RETOUCHdata\Spectralis\TRAIN048,47,1,0,0
TRAIN012,Cirrus,..\RETOUCHdata\Cirrus\TRAIN012,23,0,0,0
TRAIN012,Cirrus,..\RETOUCHdata\Cirrus\TRAIN012,37,0,1,0
TRAIN067,Topcon,..\RETOUCHdata\Topcon\TRAIN067,124,0,0,0
TRAIN014,Cirrus,..\RETOUCHdata\Cirrus\TRAIN014,16,0,0,0
TRAIN001,Cirrus,..\RETOUCHdata\Cirrus\TRAIN001,122,0,0,0
TRAIN067,Topcon,..\RETOUCHdata\Topcon\TRAIN067,2,0,0,0
TRAIN002,Cirrus,..\RETOUCHdata\Cirrus\TRAIN002,74,1,1,0
TRAIN042,Spectralis,..\RETOUCHdata\Spectralis\TRAIN042,48,0,1,0
TRAIN002,Cirrus,..\RETOUCHdata\Cirrus\TRAIN002,118,1,0,0
TRAIN068,Topcon,..\RETOUCHdata\Topcon\TRAIN068,53,1,0,0
TRAIN068,Topcon,..\RETOUCHdata\Topcon\TRAIN068,39,0,0,0
TRAIN064,Topcon,..\RETOUCHdata\Topcon\TRAIN064,76,0,0,0
TRAIN014,Cirrus,..\RETOUCHdata\Cirrus\TRAIN014,0,0,0,0
TRAIN067,Topcon,..\RETOUCHdata\Topcon\TRAIN067,83,0,0,0
TRAIN048,Spectralis,..\RETOUCHdata\Spectralis\TRAIN048,18,0,0,0
TRAIN002,Cirrus,..\RETOUCHdata\Cirrus\TRAIN002,91,1,0,0
TRAIN027,Spectralis,..\RETOUCHdata\Spectralis\TRAIN027,1,0,0,0
TRAIN001,Cirrus,..\RETOUCHdata\Cirrus\TRAIN001,1,0,0,0
TRAIN001,Cirrus,..\RETOUCHdata\Cirrus\TRAIN001,112,0,0,0
TRAIN033,Spectralis,..\RETOUCHdata\Spectralis\TRAIN033,9,0,1,0
TRAIN068,Topcon,..\RETOUCHdata\Topcon\TRAIN068,60,1,0,0
TRAIN063,Topcon,..\RETOUCHdata\Topcon\TRAIN063,2,0,0,0
TRAIN067,Topcon,..\RETOUCHdata\Topcon\TRAIN067,78,1,0,0
TRAIN067,Topcon,..\RETOUCHdata\Topcon\TRAIN067,113,0,0,0
TRAIN014,Cirrus,..\RETOUCHdata\Cirrus\TRAIN014,57,0,1,1
TRAIN064,Topcon,..\RETOUCHdata\Topcon\TRAIN064,59,1,0,0
TRAIN067,Topcon,..\RETOUCHdata\Topcon\TRAIN067,51,1,0,0
TRAIN027,Spectralis,..\RETOUCHdata\Spectralis\TRAIN027,23,1,1,0
TRAIN068,Topcon,..\RETOUCHdata\Topcon\TRAIN068,100,0,0,0
TRAIN067,Topcon,..\RETOUCHdata\Topcon\TRAIN067,52,1,0,0
TRAIN067,Topcon,..\RETOUCHdata\Topcon\TRAIN067,91,1,0,0
TRAIN012,Cirrus,..\RETOUCHdata\Cirrus\TRAIN012,61,0,1,1
TRAIN027,Spectralis,..\RETOUCHdata\Spectralis\TRAIN027,8,0,0,0
TRAIN033,Spectralis,..\RETOUCHdata\Spectralis\TRAIN033,20,1,1,1
TRAIN067,Topcon,..\RETOUCHdata\Topcon\TRAIN067,77,1,0,0
TRAIN063,Topcon,..\RETOUCHdata\Topcon\TRAIN063,23,0,0,0
TRAIN016,Cirrus,..\RETOUCHdata\Cirrus\TRAIN016,115,1,0,0
TRAIN016,Cirrus,..\RETOUCHdata\Cirrus\TRAIN016,120,1,0,0
TRAIN067,Topcon,..\RETOUCHdata\Topcon\TRAIN067,43,1,0,0
TRAIN068,Topcon,..\RETOUCHdata\Topcon\TRAIN068,90,1,0,0
TRAIN067,Topcon,..\RETOUCHdata\Topcon\TRAIN067,49,1,0,0
TRAIN068,Topcon,..\RETOUCHdata\Topcon\TRAIN068,15,0,0,0
TRAIN042,Spectralis,..\RETOUCHdata\Spectralis\TRAIN042,8,0,0,0
TRAIN027,Spectralis,..\RETOUCHdata\Spectralis\TRAIN027,5,0,0,0
TRAIN063,Topcon,..\RETOUCHdata\Topcon\TRAIN063,63,0,1,1
TRAIN016,Cirrus,..\RETOUCHdata\Cirrus\TRAIN016,44,1,0,0
TRAIN027,Spectralis,..\RETOUCHdata\Spectralis\TRAIN027,41,0,0,0
TRAIN016,Cirrus,..\RETOUCHdata\Cirrus\TRAIN016,65,1,0,0
TRAIN064,Topcon,..\RETOUCHdata\Topcon\TRAIN064,32,0,0,0
TRAIN067,Topcon,..\RETOUCHdata\Topcon\TRAIN067,61,1,0,0
TRAIN064,Topcon,..\RETOUCHdata\Topcon\TRAIN064,106,0,0,0
TRAIN016,Cirrus,..\RETOUCHdata\Cirrus\TRAIN016,12,0,0,0
TRAIN063,Topcon,..\RETOUCHdata\Topcon\TRAIN063,110,0,1,0
TRAIN016,Cirrus,..\RETOUCHdata\Cirrus\TRAIN016,28,0,0,0
TRAIN064,Topcon,..\RETOUCHdata\Topcon\TRAIN064,117,0,0,0
TRAIN039,Spectralis,..\RETOUCHdata\Spectralis\TRAIN039,10,1,0,0
TRAIN068,Topcon,..\RETOUCHdata\Topcon\TRAIN068,18,0,0,0
TRAIN014,Cirrus,..\RETOUCHdata\Cirrus\TRAIN014,100,0,0,0
TRAIN001,Cirrus,..\RETOUCHdata\Cirrus\TRAIN001,95,1,0,0
TRAIN063,Topcon,..\RETOUCHdata\Topcon\TRAIN063,71,0,1,0
TRAIN016,Cirrus,..\RETOUCHdata\Cirrus\TRAIN016,51,1,0,0
TRAIN067,Topcon,..\RETOUCHdata\Topcon\TRAIN067,59,1,0,0
TRAIN039,Spectralis,..\RETOUCHdata\Spectralis\TRAIN039,4,1,0,0
TRAIN048,Spectralis,..\RETOUCHdata\Spectralis\TRAIN048,27,1,0,0
TRAIN062,Topcon,..\RETOUCHdata\Topcon\TRAIN062,6,1,0,0
TRAIN063,Topcon,..\RETOUCHdata\Topcon\TRAIN063,89,0,1,0
TRAIN002,Cirrus,..\RETOUCHdata\Cirrus\TRAIN002,78,1,0,0
TRAIN014,Cirrus,..\RETOUCHdata\Cirrus\TRAIN014,8,0,0,0
TRAIN042,Spectralis,..\RETOUCHdata\Spectralis\TRAIN042,7,0,0,0
TRAIN048,Spectralis,..\RETOUCHdata\Spectralis\TRAIN048,34,1,0,0
TRAIN014,Cirrus,..\RETOUCHdata\Cirrus\TRAIN014,13,0,0,0
TRAIN039,Spectralis,..\RETOUCHdata\Spectralis\TRAIN039,28,1,0,0
TRAIN068,Topcon,..\RETOUCHdata\Topcon\TRAIN068,8,0,0,0
TRAIN067,Topcon,..\RETOUCHdata\Topcon\TRAIN067,36,1,0,0
TRAIN063,Topcon,..\RETOUCHdata\Topcon\TRAIN063,79,0,1,0
TRAIN027,Spectralis,..\RETOUCHdata\Spectralis\TRAIN027,2,0,0,0
TRAIN016,Cirrus,..\RETOUCHdata\Cirrus\TRAIN016,100,1,0,0
TRAIN063,Topcon,..\RETOUCHdata\Topcon\TRAIN063,11,0,0,0
TRAIN033,Spectralis,..\RETOUCHdata\Spectralis\TRAIN033,36,1,1,0
TRAIN027,Spectralis,..\RETOUCHdata\Spectralis\TRAIN027,43,0,0,0
TRAIN001,Cirrus,..\RETOUCHdata\Cirrus\TRAIN001,98,1,0,0
TRAIN042,Spectralis,..\RETOUCHdata\Spectralis\TRAIN042,17,0,1,1
TRAIN014,Cirrus,..\RETOUCHdata\Cirrus\TRAIN014,22,0,0,0
TRAIN014,Cirrus,..\RETOUCHdata\Cirrus\TRAIN014,118,0,0,0
TRAIN063,Topcon,..\RETOUCHdata\Topcon\TRAIN063,122,0,1,1
TRAIN063,Topcon,..\RETOUCHdata\Topcon\TRAIN063,107,0,1,0
TRAIN062,Topcon,..\RETOUCHdata\Topcon\TRAIN062,44,0,0,0
TRAIN039,Spectralis,..\RETOUCHdata\Spectralis\TRAIN039,41,0,0,0
TRAIN002,Cirrus,..\RETOUCHdata\Cirrus\TRAIN002,72,1,1,0
TRAIN002,Cirrus,..\RETOUCHdata\Cirrus\TRAIN002,6,0,0,0
TRAIN063,Topcon,..\RETOUCHdata\Topcon\TRAIN063,102,0,1,1
TRAIN001,Cirrus,..\RETOUCHdata\Cirrus\TRAIN001,40,1,0,0
TRAIN063,Topcon,..\RETOUCHdata\Topcon\TRAIN063,68,0,1,1
TRAIN002,Cirrus,..\RETOUCHdata\Cirrus\TRAIN002,102,1,0,0
TRAIN012,Cirrus,..\RETOUCHdata\Cirrus\TRAIN012,122,0,0,0
TRAIN012,Cirrus,..\RETOUCHdata\Cirrus\TRAIN012,32,0,1,0
TRAIN014,Cirrus,..\RETOUCHdata\Cirrus\TRAIN014,34,0,1,0
TRAIN014,Cirrus,..\RETOUCHdata\Cirrus\TRAIN014,7,0,0,0
TRAIN016,Cirrus,..\RETOUCHdata\Cirrus\TRAIN016,80,1,0,0
TRAIN064,Topcon,..\RETOUCHdata\Topcon\TRAIN064,85,0,0,0
TRAIN064,Topcon,..\RETOUCHdata\Topcon\TRAIN064,9,0,0,0
TRAIN027,Spectralis,..\RETOUCHdata\Spectralis\TRAIN027,7,1,0,0
TRAIN064,Topcon,..\RETOUCHdata\Topcon\TRAIN064,75,0,0,0
TRAIN016,Cirrus,..\RETOUCHdata\Cirrus\TRAIN016,8,0,0,0
TRAIN001,Cirrus,..\RETOUCHdata\Cirrus\TRAIN001,64,1,1,0
TRAIN001,Cirrus,..\RETOUCHdata\Cirrus\TRAIN001,14,0,0,0
TRAIN064,Topcon,..\RETOUCHdata\Topcon\TRAIN064,103,0,0,0
TRAIN063,Topcon,..\RETOUCHdata\Topcon\TRAIN063,115,0,1,0
TRAIN014,Cirrus,..\RETOUCHdata\Cirrus\TRAIN014,108,0,0,0
TRAIN012,Cirrus,..\RETOUCHdata\Cirrus\TRAIN012,123,0,0,0
TRAIN002,Cirrus,..\RETOUCHdata\Cirrus\TRAIN002,59,1,0,0
TRAIN039,Spectralis,..\RETOUCHdata\Spectralis\TRAIN039,25,1,0,0
TRAIN002,Cirrus,..\RETOUCHdata\Cirrus\TRAIN002,88,1,0,0
TRAIN042,Spectralis,..\RETOUCHdata\Spectralis\TRAIN042,4,0,0,0
TRAIN063,Topcon,..\RETOUCHdata\Topcon\TRAIN063,127,0,1,1
TRAIN048,Spectralis,..\RETOUCHdata\Spectralis\TRAIN048,42,1,0,0
TRAIN012,Cirrus,..\RETOUCHdata\Cirrus\TRAIN012,81,0,1,1
TRAIN033,Spectralis,..\RETOUCHdata\Spectralis\TRAIN033,30,1,1,0
TRAIN012,Cirrus,..\RETOUCHdata\Cirrus\TRAIN012,39,0,1,0
TRAIN063,Topcon,..\RETOUCHdata\Topcon\TRAIN063,67,0,1,1
TRAIN067,Topcon,..\RETOUCHdata\Topcon\TRAIN067,70,1,0,0
TRAIN014,Cirrus,..\RETOUCHdata\Cirrus\TRAIN014,71,0,1,1
TRAIN068,Topcon,..\RETOUCHdata\Topcon\TRAIN068,124,0,0,0
TRAIN042,Spectralis,..\RETOUCHdata\Spectralis\TRAIN042,28,0,1,1
TRAIN012,Cirrus,..\RETOUCHdata\Cirrus\TRAIN012,13,0,0,0
TRAIN063,Topcon,..\RETOUCHdata\Topcon\TRAIN063,46,0,0,1
TRAIN002,Cirrus,..\RETOUCHdata\Cirrus\TRAIN002,73,1,1,0
TRAIN002,Cirrus,..\RETOUCHdata\Cirrus\TRAIN002,33,0,0,0
TRAIN033,Spectralis,..\RETOUCHdata\Spectralis\TRAIN033,40,0,0,0
TRAIN014,Cirrus,..\RETOUCHdata\Cirrus\TRAIN014,17,0,0,0
TRAIN033,Spectralis,..\RETOUCHdata\Spectralis\TRAIN033,13,0,1,1
TRAIN064,Topcon,..\RETOUCHdata\Topcon\TRAIN064,52,0,0,0
TRAIN016,Cirrus,..\RETOUCHdata\Cirrus\TRAIN016,53,1,0,0
TRAIN063,Topcon,..\RETOUCHdata\Topcon\TRAIN063,72,0,1,0
TRAIN063,Topcon,..\RETOUCHdata\Topcon\TRAIN063,76,0,1,0
TRAIN064,Topcon,..\RETOUCHdata\Topcon\TRAIN064,27,0,0,0
TRAIN002,Cirrus,..\RETOUCHdata\Cirrus\TRAIN002,77,1,0,0
TRAIN001,Cirrus,..\RETOUCHdata\Cirrus\TRAIN001,34,1,0,0
TRAIN039,Spectralis,..\RETOUCHdata\Spectralis\TRAIN039,37,0,0,0
TRAIN014,Cirrus,..\RETOUCHdata\Cirrus\TRAIN014,124,0,0,0
TRAIN068,Topcon,..\RETOUCHdata\Topcon\TRAIN068,108,0,0,0
TRAIN068,Topcon,..\RETOUCHdata\Topcon\TRAIN068,57,1,0,0
TRAIN001,Cirrus,..\RETOUCHdata\Cirrus\TRAIN001,91,1,0,0
TRAIN068,Topcon,..\RETOUCHdata\Topcon\TRAIN068,30,0,0,0
TRAIN062,Topcon,..\RETOUCHdata\Topcon\TRAIN062,12,1,0,0
TRAIN016,Cirrus,..\RETOUCHdata\Cirrus\TRAIN016,52,1,0,0
TRAIN068,Topcon,..\RETOUCHdata\Topcon\TRAIN068,36,0,0,0
TRAIN039,Spectralis,..\RETOUCHdata\Spectralis\TRAIN039,38,0,0,0
TRAIN002,Cirrus,..\RETOUCHdata\Cirrus\TRAIN002,113,1,0,0
TRAIN001,Cirrus,..\RETOUCHdata\Cirrus\TRAIN001,13,0,0,0
TRAIN012,Cirrus,..\RETOUCHdata\Cirrus\TRAIN012,59,0,1,1
TRAIN016,Cirrus,..\RETOUCHdata\Cirrus\TRAIN016,88,1,0,0
TRAIN014,Cirrus,..\RETOUCHdata\Cirrus\TRAIN014,3,0,0,0
TRAIN067,Topcon,..\RETOUCHdata\Topcon\TRAIN067,92,1,0,0
TRAIN002,Cirrus,..\RETOUCHdata\Cirrus\TRAIN002,38,0,0,0
TRAIN048,Spectralis,..\RETOUCHdata\Spectralis\TRAIN048,4,0,0,0
TRAIN001,Cirrus,..\RETOUCHdata\Cirrus\TRAIN001,20,0,0,0
TRAIN027,Spectralis,..\RETOUCHdata\Spectralis\TRAIN027,6,0,0,0
TRAIN064,Topcon,..\RETOUCHdata\Topcon\TRAIN064,77,0,0,0
TRAIN042,Spectralis,..\RETOUCHdata\Spectralis\TRAIN042,44,0,1,0
TRAIN067,Topcon,..\RETOUCHdata\Topcon\TRAIN067,62,1,0,0
TRAIN016,Cirrus,..\RETOUCHdata\Cirrus\TRAIN016,50,1,0,0
TRAIN068,Topcon,..\RETOUCHdata\Topcon\TRAIN068,89,1,0,0
TRAIN027,Spectralis,..\RETOUCHdata\Spectralis\TRAIN027,46,0,0,0
TRAIN063,Topcon,..\RETOUCHdata\Topcon\TRAIN063,8,0,0,0
TRAIN002,Cirrus,..\RETOUCHdata\Cirrus\TRAIN002,61,1,0,0
TRAIN063,Topcon,..\RETOUCHdata\Topcon\TRAIN063,26,0,0,0
TRAIN033,Spectralis,..\RETOUCHdata\Spectralis\TRAIN033,10,0,1,0
TRAIN014,Cirrus,..\RETOUCHdata\Cirrus\TRAIN014,126,0,0,0
TRAIN064,Topcon,..\RETOUCHdata\Topcon\TRAIN064,5,0,0,0
TRAIN014,Cirrus,..\RETOUCHdata\Cirrus\TRAIN014,90,0,1,0
TRAIN048,Spectralis,..\RETOUCHdata\Spectralis\TRAIN048,20,1,0,0
TRAIN039,Spectralis,..\RETOUCHdata\Spectralis\TRAIN039,9,1,0,0
TRAIN002,Cirrus,..\RETOUCHdata\Cirrus\TRAIN002,124,0,0,0
TRAIN001,Cirrus,..\RETOUCHdata\Cirrus\TRAIN001,21,0,0,0
TRAIN068,Topcon,..\RETOUCHdata\Topcon\TRAIN068,4,0,0,0
TRAIN014,Cirrus,..\RETOUCHdata\Cirrus\TRAIN014,75,0,1,1
TRAIN064,Topcon,..\RETOUCHdata\Topcon\TRAIN064,107,0,0,0
TRAIN012,Cirrus,..\RETOUCHdata\Cirrus\TRAIN012,20,0,0,0
TRAIN063,Topcon,..\RETOUCHdata\Topcon\TRAIN063,6,0,0,0
TRAIN067,Topcon,..\RETOUCHdata\Topcon\TRAIN067,10,0,0,0
TRAIN014,Cirrus,..\RETOUCHdata\Cirrus\TRAIN014,1,0,0,0
TRAIN042,Spectralis,..\RETOUCHdata\Spectralis\TRAIN042,18,0,1,1
TRAIN068,Topcon,..\RETOUCHdata\Topcon\TRAIN068,104,0,0,0
TRAIN012,Cirrus,..\RETOUCHdata\Cirrus\TRAIN012,87,0,1,1
TRAIN039,Spectralis,..\RETOUCHdata\Spectralis\TRAIN039,31,1,0,0
TRAIN067,Topcon,..\RETOUCHdata\Topcon\TRAIN067,127,0,0,0
TRAIN002,Cirrus,..\RETOUCHdata\Cirrus\TRAIN002,2,0,0,0
TRAIN048,Spectralis,..\RETOUCHdata\Spectralis\TRAIN048,35,1,0,0
TRAIN064,Topcon,..\RETOUCHdata\Topcon\TRAIN064,46,0,0,0
TRAIN068,Topcon,..\RETOUCHdata\Topcon\TRAIN068,63,1,0,0
TRAIN001,Cirrus,..\RETOUCHdata\Cirrus\TRAIN001,87,1,0,0
TRAIN012,Cirrus,..\RETOUCHdata\Cirrus\TRAIN012,74,0,1,1
TRAIN067,Topcon,..\RETOUCHdata\Topcon\TRAIN067,33,0,0,0
TRAIN014,Cirrus,..\RETOUCHdata\Cirrus\TRAIN014,82,0,1,1
TRAIN001,Cirrus,..\RETOUCHdata\Cirrus\TRAIN001,121,0,0,0
TRAIN063,Topcon,..\RETOUCHdata\Topcon\TRAIN063,95,0,1,0
TRAIN064,Topcon,..\RETOUCHdata\Topcon\TRAIN064,18,0,0,0
TRAIN064,Topcon,..\RETOUCHdata\Topcon\TRAIN064,53,0,0,0
TRAIN067,Topcon,..\RETOUCHdata\Topcon\TRAIN067,89,0,0,0
TRAIN048,Spectralis,..\RETOUCHdata\Spectralis\TRAIN048,24,1,0,0
TRAIN068,Topcon,..\RETOUCHdata\Topcon\TRAIN068,126,0,0,0
TRAIN064,Topcon,..\RETOUCHdata\Topcon\TRAIN064,49,0,0,0
